Soft Majority Vote Parameters,F2-PPS,F1-PPS,TPR,FNR,PPV,FDR,AUC-PR,BA,AUC-ROC,G-Mean,MCC,Log-Loss,BS,TNR,FPR,NPV,FOR,Accuracy,Weighted F1-Score,Weighted Precision,Weighted Recall,Macro F1-Score,Macro Precision,Macro Recall
"(0.425, 0.575) & 0.3875",0.9327527014025006,0.9064923160773021,0.9515086206896551,0.04849137931034482,0.8670283246274544,0.13297167537254562,0.9685286142365638,0.9585557462220896,0.9879041745635555,0.9582822552399639,0.8856604645219144,0.12160182944079327,0.0282753123138298,0.965602871754524,0.034397128245475986,0.9886780033165796,0.011321996683420307,0.9630197974972492,0.9637258439512405,0.965801984528589,0.9630197974972492,0.9417178189498834,0.9278531639720171,0.9585557462220896
"(0.5, 0.5) & 0.425",0.9327188795461399,0.9065150834146294,0.9515086206896551,0.04849137931034482,0.8673571708995055,0.13264282910049446,0.967282507976189,0.9585557462220896,0.9874759621285232,0.9582529758549782,0.8858024559296827,0.13009815060901808,0.030989059387448226,0.965602871754524,0.034397128245475986,0.9887025698205103,0.011297430179489656,0.9630251724542496,0.9637229601523712,0.9658660165765359,0.9630251724542496,0.9417289988130964,0.928029870360008,0.9585557462220896
"(0.4375, 0.5625) & 0.3875",0.931969703639637,0.9047002013819616,0.9515086206896551,0.04849137931034482,0.8639088950374365,0.13609110496256344,0.968375111927889,0.9580517139640251,0.9878691311096728,0.9577756251467247,0.8835325744433287,0.12296055157776221,0.02869210777355493,0.964594807238395,0.03540519276160502,0.9886692498151791,0.011330750184820867,0.9622028040331969,0.9629590083774207,0.9652036257554899,0.9622028040331969,0.940558235325481,0.9262890724263079,0.9580517139640251
"(0.45, 0.55) & 0.3875",0.931969703639637,0.9047002013819616,0.9515086206896551,0.04849137931034482,0.8639088950374365,0.13609110496256344,0.9681164122941894,0.9580517139640251,0.987796833799718,0.9577756251467247,0.8835325744433287,0.12434162958247931,0.02912310152096456,0.964594807238395,0.03540519276160502,0.9886692498151791,0.011330750184820867,0.9622028040331969,0.9629590083774207,0.9652036257554899,0.9622028040331969,0.940558235325481,0.9262890724263079,0.9580517139640251
"(0.45, 0.55) & 0.4",0.931969703639637,0.9047002013819616,0.9515086206896551,0.04849137931034482,0.8639088950374365,0.13609110496256344,0.9681164122941894,0.9580517139640251,0.987796833799718,0.9577756251467247,0.8835325744433287,0.12434162958247931,0.02912310152096456,0.964594807238395,0.03540519276160502,0.9886692498151791,0.011330750184820867,0.9622028040331969,0.9629590083774207,0.9652036257554899,0.9622028040331969,0.940558235325481,0.9262890724263079,0.9580517139640251
"(0.4625, 0.5375) & 0.4",0.931969703639637,0.9047002013819616,0.9515086206896551,0.04849137931034482,0.8639088950374365,0.13609110496256344,0.9678451957516865,0.9580517139640251,0.9877257779485271,0.9577756251467247,0.8835325744433287,0.12574546401006462,0.02956829355605871,0.964594807238395,0.03540519276160502,0.9886692498151791,0.011330750184820867,0.9622028040331969,0.9629590083774207,0.9652036257554899,0.9622028040331969,0.940558235325481,0.9262890724263079,0.9580517139640251
"(0.475, 0.525) & 0.4125",0.931969703639637,0.9047002013819616,0.9515086206896551,0.04849137931034482,0.8639088950374365,0.13609110496256344,0.967696386227877,0.9580517139640251,0.9876537733402322,0.9577756251467247,0.8835325744433287,0.12717249717825133,0.03002768387883737,0.964594807238395,0.03540519276160502,0.9886692498151791,0.011330750184820867,0.9622028040331969,0.9629590083774207,0.9652036257554899,0.9622028040331969,0.940558235325481,0.9262890724263079,0.9580517139640251
"(0.4875, 0.5125) & 0.4125",0.9311430621658534,0.902654614006158,0.9515086206896551,0.04849137931034482,0.8598859065316895,0.14011409346831055,0.9672366272767388,0.9575435838827242,0.987511005582406,0.9572732591236475,0.88099908495506,0.12862321523131648,0.030501272489300547,0.9635785470757934,0.036421452924206635,0.9886609198138463,0.011339080186153663,0.9613804356121443,0.9621525127193894,0.964429341171078,0.9613804356121443,0.939278265596431,0.9242734131727679,0.9575435838827242
"(0.3875, 0.6125) & 0.45",0.9306979791648939,0.9260783273595677,0.9341133004926109,0.06588669950738917,0.9196899529951881,0.08031004700481201,0.9684859266056256,0.957443156933953,0.9879029331047918,0.9569029291169038,0.9094782976867528,0.11765638611402893,0.027110115660761495,0.980773013375295,0.019226986624704956,0.9848520845630002,0.015147915436999823,0.9720551714063108,0.9721269170972024,0.9725891328572442,0.9720551714063108,0.9544210171680795,0.952271018779094,0.957443156933953
"(0.375, 0.625) & 0.4375",0.9306979791648939,0.9260783273595677,0.9341133004926109,0.06588669950738917,0.9196899529951881,0.08031004700481201,0.968378497270255,0.957443156933953,0.9878666380989847,0.9569029291169038,0.9094782976867528,0.11638386536066596,0.026750113351774414,0.980773013375295,0.019226986624704956,0.9848520845630002,0.015147915436999823,0.9720551714063108,0.9721269170972024,0.9725891328572442,0.9720551714063108,0.9544210171680795,0.952271018779094,0.957443156933953
"(0.375, 0.625) & 0.45",0.9306979791648939,0.9260783273595677,0.9341133004926109,0.06588669950738917,0.9196899529951881,0.08031004700481201,0.968378497270255,0.957443156933953,0.9878666380989847,0.9569029291169038,0.9094782976867528,0.11638386536066596,0.026750113351774414,0.980773013375295,0.019226986624704956,0.9848520845630002,0.015147915436999823,0.9720551714063108,0.9721269170972024,0.9725891328572442,0.9720551714063108,0.9544210171680795,0.952271018779094,0.957443156933953
"(0.4625, 0.5375) & 0.3875",0.9303674140687767,0.900810351711076,0.9515086206896551,0.04849137931034482,0.856483688789754,0.14351631121024605,0.9678451957516865,0.9570354538014234,0.9877257779485271,0.9567737399808858,0.878742940708386,0.12574546401006462,0.02956829355605871,0.9625622869131918,0.037437713086808266,0.9886437021829924,0.011356297817007671,0.9605580671910916,0.9613741504125902,0.9637663011506097,0.9605580671910916,0.938092608172158,0.9225636954863732,0.9570354538014234
"(0.475, 0.525) & 0.4",0.9303674140687767,0.900810351711076,0.9515086206896551,0.04849137931034482,0.856483688789754,0.14351631121024605,0.967696386227877,0.9570354538014234,0.9876537733402322,0.9567737399808858,0.878742940708386,0.12717249717825133,0.03002768387883737,0.9625622869131918,0.037437713086808266,0.9886437021829924,0.011356297817007671,0.9605580671910916,0.9613741504125902,0.9637663011506097,0.9605580671910916,0.938092608172158,0.9225636954863732,0.9570354538014234
"(0.5125, 0.4875) & 0.425",0.9303513532620562,0.9008404637807613,0.9515086206896551,0.04849137931034482,0.8567359419245502,0.1432640580754498,0.9670047301984113,0.9570313559781871,0.9872959506077859,0.9567494504173596,0.8788493750783755,0.13159788495862262,0.03149104457328042,0.9625540912667191,0.03744590873328087,0.9886595151855224,0.01134048481447758,0.9605580671910916,0.9613675656272216,0.9638047576266857,0.9605580671910916,0.9381052824984365,0.9226977285550363,0.9570313559781871
"(0.475, 0.525) & 0.425",0.9301354313928887,0.9061370592210811,0.947198275862069,0.05280172413793102,0.869846348388683,0.13015365161131698,0.967696386227877,0.956904606066361,0.9876537733402322,0.9566387778911898,0.8850130478765408,0.12717249717825133,0.03002768387883737,0.966610936270653,0.033389063729346954,0.9876609031538437,0.01233909684615632,0.9630251724542496,0.9636718966103102,0.9654935948805847,0.9630251724542496,0.9415526882472801,0.9287536257712634,0.956904606066361
"(0.5125, 0.4875) & 0.45",0.9301354313928887,0.9061370592210811,0.947198275862069,0.05280172413793102,0.869846348388683,0.13015365161131698,0.9670047301984113,0.956904606066361,0.9872959506077859,0.9566387778911898,0.8850130478765408,0.13159788495862262,0.03149104457328042,0.966610936270653,0.033389063729346954,0.9876609031538437,0.01233909684615632,0.9630251724542496,0.9636718966103102,0.9654935948805847,0.9630251724542496,0.9415526882472801,0.9287536257712634,0.956904606066361
"(0.5625, 0.4375) & 0.4875",0.9301354313928887,0.9061370592210811,0.947198275862069,0.05280172413793102,0.869846348388683,0.13015365161131698,0.966217885509165,0.956904606066361,0.9871193707616799,0.9566387778911898,0.8850130478765408,0.13785837392139977,0.033640968193454315,0.966610936270653,0.033389063729346954,0.9876609031538437,0.01233909684615632,0.9630251724542496,0.9636718966103102,0.9654935948805847,0.9630251724542496,0.9415526882472801,0.9287536257712634,0.956904606066361
"(0.55, 0.45) & 0.475",0.9301354313928887,0.9061370592210811,0.947198275862069,0.05280172413793102,0.869846348388683,0.13015365161131698,0.9661675248148163,0.956904606066361,0.987118422004576,0.9566387778911898,0.8850130478765408,0.13625251183084916,0.033082189856884076,0.966610936270653,0.033389063729346954,0.9876609031538437,0.01233909684615632,0.9630251724542496,0.9636718966103102,0.9654935948805847,0.9630251724542496,0.9415526882472801,0.9287536257712634,0.956904606066361
"(0.4125, 0.5875) & 0.3875",0.9301095806567156,0.9061516076367855,0.947198275862069,0.052801724137931036,0.870065500824913,0.12993449917508715,0.9684859266056256,0.9569087038895974,0.9879029331047918,0.9566115003153721,0.8851083738800276,0.12026510269004485,0.027872715141789184,0.9666191319171256,0.03338086808287437,0.9876704896553774,0.012329510344622499,0.9630251724542496,0.9636833271015508,0.965565615677612,0.9630251724542496,0.9415600107316324,0.9288679952401452,0.9569087038895974
"(0.5, 0.5) & 0.4125",0.9296021773555534,0.8990255817480934,0.9515086206896551,0.04849137931034482,0.8532876660624813,0.14671233393751876,0.967282507976189,0.9565273237201226,0.9874759621285232,0.9562720997091061,0.8765794935920215,0.13009815060901808,0.030989059387448226,0.9615460267505901,0.0384539732494099,0.9886261951801912,0.011373804819808792,0.959735698770039,0.9606036138522711,0.9631423668056397,0.959735698770039,0.9369345190108211,0.9209569306213362,0.9565273237201226
"(0.525, 0.475) & 0.425",0.9295622118479148,0.899004305588671,0.9515086206896551,0.04849137931034482,0.8534597322471308,0.14654026775286916,0.9668393862830673,0.9565232258968863,0.9872599483036384,0.9562484741303471,0.8766417359097715,0.1331230525384448,0.03200722804679713,0.9615378311041175,0.0384621688958825,0.9886420081827214,0.011357991817278701,0.9597302526215552,0.9605942169012578,0.9631829878762733,0.9597302526215552,0.9369214992225456,0.921050870214926,0.9565232258968863
"(0.5375, 0.4625) & 0.4375",0.9295622118479148,0.899004305588671,0.9515086206896551,0.04849137931034482,0.8534597322471308,0.14654026775286916,0.9666532167706436,0.9565232258968863,0.9872251874582547,0.9562484741303471,0.8766417359097715,0.13467434417267846,0.032537609807998344,0.9615378311041175,0.0384621688958825,0.9886420081827214,0.011357991817278701,0.9597302526215552,0.9605942169012578,0.9631829878762733,0.9597302526215552,0.9369214992225456,0.921050870214926,0.9565232258968863
"(0.4375, 0.5625) & 0.5",0.9294895906700643,0.9296301602482199,0.9296490147783252,0.07035098522167489,0.9308838694058382,0.06911613059416175,0.968375111927889,0.9567313064974763,0.9878691311096728,0.9560525292177507,0.9139354547141066,0.12296055157776221,0.02869210777355493,0.9838135982166274,0.01618640178337266,0.9838934626354271,0.016106537364572862,0.9736944620999324,0.9736573911866624,0.9739191842519721,0.9736944620999324,0.9567237057470399,0.9573886660206328,0.9567313064974763
"(0.4625, 0.5375) & 0.4125",0.9293862554863859,0.9043221771884131,0.947198275862069,0.05280172413793102,0.866398072526614,0.13360192747338595,0.9678451957516865,0.9564005738082965,0.9877257779485271,0.9561614271829362,0.8827431663901869,0.12574546401006462,0.02956829355605871,0.965602871754524,0.034397128245475986,0.9876275831485124,0.01237241685148753,0.9622028040331969,0.9629079448353595,0.9648312040595387,0.9622028040331969,0.9403819247596648,0.9270128278375633,0.9564005738082965
"(0.5, 0.5) & 0.4375",0.9293524336300252,0.9043449445257405,0.947198275862069,0.05280172413793102,0.8667269187986651,0.13327308120133483,0.967282507976189,0.9564005738082965,0.9874759621285232,0.9561321477979505,0.8828851577979551,0.13009815060901808,0.030989059387448226,0.965602871754524,0.034397128245475986,0.9876521496524431,0.01234785034755688,0.9622081789901973,0.9629050610364902,0.9648952361074856,0.9622081789901973,0.9403931046228777,0.9271895342255542,0.9564005738082965
"(0.4875, 0.5125) & 0.425",0.9293524336300252,0.9043449445257405,0.947198275862069,0.05280172413793102,0.8667269187986651,0.13327308120133483,0.9672366272767388,0.9564005738082965,0.987511005582406,0.9561321477979505,0.8828851577979551,0.12862321523131648,0.030501272489300547,0.965602871754524,0.034397128245475986,0.9876521496524431,0.01234785034755688,0.9622081789901973,0.9629050610364902,0.9648952361074856,0.9622081789901973,0.9403931046228777,0.9271895342255542,0.9564005738082965
"(0.5125, 0.4875) & 0.4375",0.9293524336300252,0.9043449445257405,0.947198275862069,0.05280172413793102,0.8667269187986651,0.13327308120133483,0.9670047301984113,0.9564005738082965,0.9872959506077859,0.9561321477979505,0.8828851577979551,0.13159788495862262,0.03149104457328042,0.965602871754524,0.034397128245475986,0.9876521496524431,0.01234785034755688,0.9622081789901973,0.9629050610364902,0.9648952361074856,0.9622081789901973,0.9403931046228777,0.9271895342255542,0.9564005738082965
"(0.525, 0.475) & 0.45",0.9293524336300252,0.9043449445257405,0.947198275862069,0.05280172413793102,0.8667269187986651,0.13327308120133483,0.9668393862830673,0.9564005738082965,0.9872599483036384,0.9561321477979505,0.8828851577979551,0.1331230525384448,0.03200722804679713,0.965602871754524,0.034397128245475986,0.9876521496524431,0.01234785034755688,0.9622081789901973,0.9629050610364902,0.9648952361074856,0.9622081789901973,0.9403931046228777,0.9271895342255542,0.9564005738082965
"(0.5375, 0.4625) & 0.4625",0.9293524336300252,0.9043449445257405,0.947198275862069,0.05280172413793102,0.8667269187986651,0.13327308120133483,0.9666532167706436,0.9564005738082965,0.9872251874582547,0.9561321477979505,0.8828851577979551,0.13467434417267846,0.032537609807998344,0.965602871754524,0.034397128245475986,0.9876521496524431,0.01234785034755688,0.9622081789901973,0.9629050610364902,0.9648952361074856,0.9622081789901973,0.9403931046228777,0.9271895342255542,0.9564005738082965
"(0.5625, 0.4375) & 0.475",0.9293524336300252,0.9043449445257405,0.947198275862069,0.05280172413793102,0.8667269187986651,0.13327308120133483,0.966217885509165,0.9564005738082965,0.9871193707616799,0.9561321477979505,0.8828851577979551,0.13785837392139977,0.033640968193454315,0.965602871754524,0.034397128245475986,0.9876521496524431,0.01234785034755688,0.9622081789901973,0.9629050610364902,0.9648952361074856,0.9622081789901973,0.9403931046228777,0.9271895342255542,0.9564005738082965
"(0.575, 0.425) & 0.4875",0.9293524336300252,0.9043449445257405,0.947198275862069,0.05280172413793102,0.8667269187986651,0.13327308120133483,0.966217885509165,0.9564005738082965,0.9871193707616799,0.9561321477979505,0.8828851577979551,0.13949282140848285,0.03421394481770906,0.965602871754524,0.034397128245475986,0.9876521496524431,0.01234785034755688,0.9622081789901973,0.9629050610364902,0.9648952361074856,0.9622081789901973,0.9403931046228777,0.9271895342255542,0.9564005738082965
"(0.55, 0.45) & 0.4625",0.9293524336300252,0.9043449445257405,0.947198275862069,0.05280172413793102,0.8667269187986651,0.13327308120133483,0.9661675248148163,0.9564005738082965,0.987118422004576,0.9561321477979505,0.8828851577979551,0.13625251183084916,0.033082189856884076,0.965602871754524,0.034397128245475986,0.9876521496524431,0.01234785034755688,0.9622081789901973,0.9629050610364902,0.9648952361074856,0.9622081789901973,0.9403931046228777,0.9271895342255542,0.9564005738082965
"(0.5875, 0.4125) & 0.5",0.9293524336300252,0.9043449445257405,0.947198275862069,0.05280172413793102,0.8667269187986651,0.13327308120133483,0.9660927464657835,0.9564005738082965,0.9870846099162962,0.9561321477979505,0.8828851577979551,0.1411568248851403,0.03480111972964833,0.965602871754524,0.034397128245475986,0.9876521496524431,0.01234785034755688,0.9622081789901973,0.9629050610364902,0.9648952361074856,0.9622081789901973,0.9403931046228777,0.9271895342255542,0.9564005738082965
"(0.6, 0.4) & 0.5",0.9293524336300252,0.9043449445257405,0.947198275862069,0.05280172413793102,0.8667269187986651,0.13327308120133483,0.9657958309114638,0.9564005738082965,0.9870150882255286,0.9561321477979505,0.8828851577979551,0.14285144276500555,0.035402492929272104,0.965602871754524,0.034397128245475986,0.9876521496524431,0.01234785034755688,0.9622081789901973,0.9629050610364902,0.9648952361074856,0.9622081789901973,0.9403931046228777,0.9271895342255542,0.9564005738082965
"(0.4375, 0.5625) & 0.4",0.9293233072432406,0.9042448279757686,0.947198275862069,0.052801724137931036,0.8664364685668484,0.13356353143315167,0.968375111927889,0.9564005738082966,0.9878691311096728,0.9561140756201705,0.882751887728022,0.12296055157776221,0.02869210777355493,0.965602871754524,0.034397128245475986,0.987653554280767,0.012346445719232976,0.9622028040331969,0.9628965187432796,0.9648595302397109,0.9622028040331969,0.940345245859304,0.9270450114238077,0.9564005738082966
"(0.4, 0.6) & 0.45",0.9290650962820111,0.9223052334225393,0.9341133004926109,0.06588669950738917,0.9130263500540116,0.08697364994598848,0.9684859266056256,0.9564268967713513,0.9879029331047918,0.9558697209978677,0.9050147395790996,0.11895004958185472,0.027484316257433087,0.9787404930500918,0.021259506949908205,0.9848520845630002,0.015147915436999823,0.9704104345642056,0.9705572571508299,0.9713177875592567,0.9704104345642056,0.9520093946399115,0.9489392173085058,0.9564268967713513
"(0.4125, 0.5875) & 0.4625",0.9290650962820111,0.9223052334225393,0.9341133004926109,0.06588669950738917,0.9130263500540116,0.08697364994598848,0.9684859266056256,0.9564268967713513,0.9879029331047918,0.9558697209978677,0.9050147395790996,0.12026510269004485,0.027872715141789184,0.9787404930500918,0.021259506949908205,0.9848520845630002,0.015147915436999823,0.9704104345642056,0.9705572571508299,0.9713177875592567,0.9704104345642056,0.9520093946399115,0.9489392173085058,0.9564268967713513
"(0.575, 0.425) & 0.3875",0.9289493370436961,0.8858918694317686,0.9604371921182266,0.03956280788177338,0.8233380016824039,0.17666199831759605,0.966217885509165,0.955934895560818,0.9871193707616799,0.9557969097433684,0.8612941591196779,0.13949282140848285,0.03421394481770906,0.9514325990034094,0.048567400996590626,0.9905359996133688,0.009464000386631144,0.9531675013156187,0.9546265634549223,0.9590846742604844,0.9531675013156187,0.9282102883863013,0.9069370006478864,0.955934895560818
"(0.6, 0.4) & 0.4",0.9289493370436961,0.8858918694317686,0.9604371921182266,0.03956280788177338,0.8233380016824039,0.17666199831759605,0.9657958309114638,0.955934895560818,0.9870150882255286,0.9557969097433684,0.8612941591196779,0.14285144276500555,0.035402492929272104,0.9514325990034094,0.048567400996590626,0.9905359996133688,0.009464000386631144,0.9531675013156187,0.9546265634549223,0.9590846742604844,0.9531675013156187,0.9282102883863013,0.9069370006478864,0.955934895560818
"(0.475, 0.525) & 0.3875",0.928813035941412,0.8971894235560032,0.9515086206896551,0.04849137931034482,0.8500114563850618,0.14998854361493813,0.967696386227877,0.9560191936388218,0.9876537733402322,0.9557711234220936,0.8743718544234176,0.12717249717825133,0.03002768387883737,0.9605297665879885,0.03947023341201153,0.9886086881773901,0.011391311822609912,0.9589078842005025,0.9598302651263071,0.9625205970552273,0.9589078842005025,0.9357507357349304,0.919310072281226,0.9560191936388218
"(0.4875, 0.5125) & 0.4",0.928813035941412,0.8971894235560032,0.9515086206896551,0.04849137931034482,0.8500114563850618,0.14998854361493813,0.9672366272767388,0.9560191936388218,0.987511005582406,0.9557711234220936,0.8743718544234176,0.12862321523131648,0.030501272489300547,0.9605297665879885,0.03947023341201153,0.9886086881773901,0.011391311822609912,0.9589078842005025,0.9598302651263071,0.9625205970552273,0.9589078842005025,0.9357507357349304,0.919310072281226,0.9560191936388218
"(0.425, 0.575) & 0.4875",0.9286347274481799,0.9275154985940846,0.9296490147783252,0.07035098522167489,0.9267274654649515,0.07327253453504845,0.9685286142365638,0.9562272742394118,0.9879041745635555,0.9555545572437556,0.9113384718423505,0.12160182944079327,0.0282753123138298,0.9828055337004984,0.017194466299501693,0.9838852669889545,0.016114733011045462,0.9728720936788797,0.9728516698996391,0.973146844972318,0.9728720936788797,0.9554112978662959,0.955306366226953,0.9562272742394118
"(0.5375, 0.4625) & 0.45",0.9285257921562414,0.9022993571499369,0.947198275862069,0.05280172413793102,0.862703930292918,0.13729606970708197,0.9666532167706436,0.9558924437269957,0.9872251874582547,0.9556297817748733,0.8803516683096864,0.13467434417267846,0.032537609807998344,0.9645866115919224,0.0354133884080776,0.9876438196511104,0.012356180348889675,0.9613858105691446,0.9620985653784591,0.9641209515230738,0.9613858105691446,0.9391131348938278,0.9251738749720142,0.9558924437269957
"(0.5875, 0.4125) & 0.4875",0.9285257921562414,0.9022993571499369,0.947198275862069,0.05280172413793102,0.862703930292918,0.13729606970708197,0.9660927464657835,0.9558924437269957,0.9870846099162962,0.9556297817748733,0.8803516683096864,0.1411568248851403,0.03480111972964833,0.9645866115919224,0.0354133884080776,0.9876438196511104,0.012356180348889675,0.9613858105691446,0.9620985653784591,0.9641209515230738,0.9613858105691446,0.9391131348938278,0.9251738749720142,0.9558924437269957
"(0.5, 0.5) & 0.45",0.9283304332524677,0.9079137131520103,0.9428879310344828,0.05711206896551724,0.8771938694137277,0.12280613058627234,0.967282507976189,0.9557656938151695,0.9874759621285232,0.9554683342970829,0.8871172149575646,0.13009815060901808,0.030989059387448226,0.9686434565958563,0.031356543404143705,0.9866615851391141,0.013338414860885911,0.9638529158323026,0.9644461991369966,0.966086226454056,0.9638529158323026,0.9427086548588058,0.9319277272764208,0.9557656938151695
"(0.3875, 0.6125) & 0.4375",0.928249701631,0.9203278322925958,0.9341133004926109,0.06588669950738917,0.9092629091937965,0.09073709080620354,0.9684859266056256,0.9559228645132868,0.9879029331047918,0.9553693847448006,0.9025980955673796,0.11765638611402893,0.027110115660761495,0.9777324285339628,0.022267571466037236,0.9848437545616673,0.015156245438332619,0.9695934411001533,0.9697656359496415,0.9705977045193122,0.9695934411001533,0.9507635432240791,0.9470533318777319,0.9559228645132868
"(0.375, 0.625) & 0.425",0.928249701631,0.9203278322925958,0.9341133004926109,0.06588669950738917,0.9092629091937965,0.09073709080620354,0.968378497270255,0.9559228645132868,0.9878666380989847,0.9553693847448006,0.9025980955673796,0.11638386536066596,0.026750113351774414,0.9777324285339628,0.022267571466037236,0.9848437545616673,0.015156245438332619,0.9695934411001533,0.9697656359496415,0.9705977045193122,0.9695934411001533,0.9507635432240791,0.9470533318777319,0.9559228645132868
"(0.4, 0.6) & 0.3875",0.9281269424625953,0.9077486012898252,0.9427339901477833,0.05726600985221675,0.8772957566647348,0.12270424333526514,0.9684859266056256,0.9556928211950562,0.9879029331047918,0.9553099022336335,0.8870750807700222,0.11895004958185472,0.027484316257433087,0.9686516522423289,0.031348347757671105,0.9866882481433801,0.013311751856619841,0.9638475408753022,0.9644275981081707,0.9661292766176284,0.9638475408753022,0.9426282984391257,0.9319920024040576,0.9556928211950562
"(0.4125, 0.5875) & 0.475",0.9278016239365049,0.9255346242771446,0.9296490147783252,0.07035098522167489,0.9230732315939838,0.07692676840601619,0.9684859266056256,0.955719144158111,0.9879029331047918,0.9550411820581823,0.9089612326899223,0.12026510269004485,0.027872715141789184,0.9817892735378967,0.018210726462103324,0.9838852669889545,0.016114733011045462,0.9720497252578271,0.9720540674006777,0.972449655615357,0.9720497252578271,0.9541615508515215,0.9534792492914692,0.955719144158111
"(0.525, 0.475) & 0.4375",0.9277501440591647,0.900455094854855,0.947198275862069,0.05280172413793102,0.8593017125509825,0.14069828744901744,0.9668393862830673,0.9553843136456949,0.9872599483036384,0.9551302626321116,0.8780955240630124,0.1331230525384448,0.03200722804679713,0.9635703514293208,0.036429648570679235,0.9876266020202564,0.012373397979743683,0.960563442148092,0.9613202030716599,0.9634579115026054,0.960563442148092,0.9379274774695546,0.9234641572856195,0.9553843136456949
"(0.5125, 0.4875) & 0.3875",0.9276624352416194,0.8886952168371112,0.9559729064039408,0.044027093596059094,0.8315224613166976,0.16847753868330245,0.9670047301984113,0.9552148494778687,0.9872959506077859,0.955033126456452,0.8644293508551495,0.13159788495862262,0.03149104457328042,0.9544567925517964,0.04554320744820352,0.9895732738591085,0.010426726140891393,0.95480679200924,0.9560421828096335,0.9598073604952286,0.95480679200924,0.9301644542699606,0.9105478675879031,0.9552148494778687
"(0.575, 0.425) & 0.4125",0.9276624352416194,0.8886952168371112,0.9559729064039408,0.044027093596059094,0.8315224613166976,0.16847753868330245,0.966217885509165,0.9552148494778687,0.9871193707616799,0.955033126456452,0.8644293508551495,0.13949282140848285,0.03421394481770906,0.9544567925517964,0.04554320744820352,0.9895732738591085,0.010426726140891393,0.95480679200924,0.9560421828096335,0.9598073604952286,0.95480679200924,0.9301644542699606,0.9105478675879031,0.9552148494778687
"(0.6, 0.4) & 0.425",0.9276624352416194,0.8886952168371112,0.9559729064039408,0.044027093596059094,0.8315224613166976,0.16847753868330245,0.9657958309114638,0.9552148494778687,0.9870150882255286,0.955033126456452,0.8644293508551495,0.14285144276500555,0.035402492929272104,0.9544567925517964,0.04554320744820352,0.9895732738591085,0.010426726140891393,0.95480679200924,0.9560421828096335,0.9598073604952286,0.95480679200924,0.9301644542699606,0.9105478675879031,0.9552148494778687
"(0.5375, 0.4625) & 0.475",0.9275441598389927,0.9060069334909933,0.9428879310344828,0.05711206896551724,0.8735648371556631,0.12643516284433687,0.9666532167706436,0.9552575637338687,0.9872251874582547,0.9549709096018812,0.884760728805559,0.13467434417267846,0.032537609807998344,0.9676271964332547,0.03237280356674532,0.9866446497645036,0.013355350235496388,0.9630305474112499,0.9636593907787254,0.9653801410161549,0.9630305474112499,0.9414938899864773,0.9301047434600833,0.9552575637338687
"(0.4, 0.6) & 0.5",0.9274945994115236,0.9313929022232259,0.9253386699507389,0.0746613300492611,0.9397727582947272,0.060227241705272855,0.9684859266056256,0.9555882964230484,0.9879029331047918,0.9547426737120639,0.9166202544112683,0.11895004958185472,0.027484316257433087,0.985837922895358,0.014162077104641999,0.982980776317991,0.017019223682009005,0.9745222766694688,0.9744043560614065,0.974823647622062,0.9745222766694688,0.9578702353106312,0.9613767673063591,0.9555882964230484
"(0.4125, 0.5875) & 0.5",0.9274945994115236,0.9313929022232259,0.9253386699507389,0.0746613300492611,0.9397727582947272,0.060227241705272855,0.9684859266056256,0.9555882964230484,0.9879029331047918,0.9547426737120639,0.9166202544112683,0.12026510269004485,0.027872715141789184,0.985837922895358,0.014162077104641999,0.982980776317991,0.017019223682009005,0.9745222766694688,0.9744043560614065,0.974823647622062,0.9745222766694688,0.9578702353106312,0.9613767673063591,0.9555882964230484
"(0.425, 0.575) & 0.4625",0.9274740535339233,0.9184835699975139,0.9341133004926109,0.06588669950738917,0.905860691451861,0.09413930854813903,0.9685286142365638,0.9554188322552223,0.9879041745635555,0.9548739698545663,0.9003459630125138,0.12160182944079327,0.0282753123138298,0.9767243640178337,0.023275635982166268,0.9848268191870568,0.015173180812943096,0.968776447636101,0.9689924858259376,0.969939114316908,0.968776447636101,0.9495800880347263,0.9453437553194589,0.9554188322552223
"(0.4125, 0.5875) & 0.45",0.9274740535339233,0.9184835699975139,0.9341133004926109,0.06588669950738917,0.905860691451861,0.09413930854813903,0.9684859266056256,0.9554188322552223,0.9879029331047918,0.9548739698545663,0.9003459630125138,0.12026510269004485,0.027872715141789184,0.9767243640178337,0.023275635982166268,0.9848268191870568,0.015173180812943096,0.968776447636101,0.9689924858259376,0.969939114316908,0.968776447636101,0.9495800880347263,0.9453437553194589,0.9554188322552223
"(0.4375, 0.5625) & 0.4625",0.9274740535339233,0.9184835699975139,0.9341133004926109,0.06588669950738917,0.905860691451861,0.09413930854813903,0.968375111927889,0.9554188322552223,0.9878691311096728,0.9548739698545663,0.9003459630125138,0.12296055157776221,0.02869210777355493,0.9767243640178337,0.023275635982166268,0.9848268191870568,0.015173180812943096,0.968776447636101,0.9689924858259376,0.969939114316908,0.968776447636101,0.9495800880347263,0.9453437553194589,0.9554188322552223
"(0.5125, 0.4875) & 0.4125",0.9272151794895493,0.8934195706701734,0.9515086206896551,0.04849137931034482,0.84312412464986,0.15687587535014005,0.9670047301984113,0.9550070312994565,0.9872959506077859,0.9547673177092293,0.869817259556446,0.13159788495862262,0.03149104457328042,0.9585054419092579,0.04149455809074218,0.9885825544443951,0.011417445555604852,0.9572631473583973,0.9582712975994179,0.9612108859424922,0.9572631473583973,0.9333407492473685,0.9158533395471276,0.9550070312994565
"(0.3875, 0.6125) & 0.4625",0.9270045053724992,0.923562093593334,0.9296490147783252,0.07035098522167489,0.9191939212491562,0.08080607875084377,0.9684859266056256,0.9552110140768101,0.9879029331047918,0.9545458256838073,0.9064958527283818,0.11765638611402893,0.027110115660761495,0.980773013375295,0.019226986624704956,0.983868606986289,0.016131393013711068,0.9712273568367744,0.9712581535846606,0.9716960425868841,0.9712273568367744,0.9529160354681363,0.9515312641177226,0.9552110140768101
"(0.4, 0.6) & 0.4625",0.9270045053724992,0.923562093593334,0.9296490147783252,0.07035098522167489,0.9191939212491562,0.08080607875084377,0.9684859266056256,0.9552110140768101,0.9879029331047918,0.9545458256838073,0.9064958527283818,0.11895004958185472,0.027484316257433087,0.980773013375295,0.019226986624704956,0.983868606986289,0.016131393013711068,0.9712273568367744,0.9712581535846606,0.9716960425868841,0.9712273568367744,0.9529160354681363,0.9515312641177226,0.9552110140768101
"(0.5625, 0.4375) & 0.4625",0.9269849073459415,0.8986703248918724,0.947198275862069,0.05280172413793102,0.8561056898237098,0.14389431017629017,0.966217885509165,0.954876183564394,0.9871193707616799,0.954628622360332,0.8759320769466479,0.13785837392139977,0.033640968193454315,0.9625540912667191,0.03744590873328087,0.9876090950174552,0.012390904982544804,0.9597410737270393,0.9605496665113407,0.9628339771576354,0.9597410737270393,0.9367693883082178,0.9218573924205825,0.954876183564394
"(0.575, 0.425) & 0.475",0.9269849073459415,0.8986703248918724,0.947198275862069,0.05280172413793102,0.8561056898237098,0.14389431017629017,0.966217885509165,0.954876183564394,0.9871193707616799,0.954628622360332,0.8759320769466479,0.13949282140848285,0.03421394481770906,0.9625540912667191,0.03744590873328087,0.9876090950174552,0.012390904982544804,0.9597410737270393,0.9605496665113407,0.9628339771576354,0.9597410737270393,0.9367693883082178,0.9218573924205825,0.954876183564394
"(0.55, 0.45) & 0.45",0.9269849073459415,0.8986703248918724,0.947198275862069,0.05280172413793102,0.8561056898237098,0.14389431017629017,0.9661675248148163,0.954876183564394,0.987118422004576,0.954628622360332,0.8759320769466479,0.13625251183084916,0.033082189856884076,0.9625540912667191,0.03744590873328087,0.9876090950174552,0.012390904982544804,0.9597410737270393,0.9605496665113407,0.9628339771576354,0.9597410737270393,0.9367693883082178,0.9218573924205825,0.954876183564394
"(0.6, 0.4) & 0.4875",0.9269849073459415,0.8986703248918724,0.947198275862069,0.05280172413793102,0.8561056898237098,0.14389431017629017,0.9657958309114638,0.954876183564394,0.9870150882255286,0.954628622360332,0.8759320769466479,0.14285144276500555,0.035402492929272104,0.9625540912667191,0.03744590873328087,0.9876090950174552,0.012390904982544804,0.9597410737270393,0.9605496665113407,0.9628339771576354,0.9597410737270393,0.9367693883082178,0.9218573924205825,0.954876183564394
"(0.6125, 0.3875) & 0.5",0.9269849073459415,0.8986703248918724,0.947198275862069,0.05280172413793102,0.8561056898237098,0.14389431017629017,0.965609819006702,0.954876183564394,0.9869787932197215,0.954628622360332,0.8759320769466479,0.14457783079277575,0.0360180644165804,0.9625540912667191,0.03744590873328087,0.9876090950174552,0.012390904982544804,0.9597410737270393,0.9605496665113407,0.9628339771576354,0.9597410737270393,0.9367693883082178,0.9218573924205825,0.954876183564394
"(0.425, 0.575) & 0.475",0.9269797030223021,0.923617649131719,0.9296490147783252,0.07035098522167489,0.9196404664424687,0.08035953355753134,0.9685286142365638,0.9552110140768101,0.9879041745635555,0.9545256633156809,0.9066834133951887,0.12160182944079327,0.0282753123138298,0.9807730133752951,0.019226986624704942,0.9838852669889545,0.016114733011045462,0.9712273568367745,0.9712651878229969,0.971794720158818,0.9712273568367745,0.9529416103658407,0.9517628667157116,0.9552110140768101
"(0.4375, 0.5625) & 0.4875",0.9269797030223021,0.923617649131719,0.9296490147783252,0.07035098522167489,0.9196404664424687,0.08035953355753134,0.968375111927889,0.9552110140768101,0.9878691311096728,0.9545256633156809,0.9066834133951887,0.12296055157776221,0.02869210777355493,0.9807730133752951,0.019226986624704942,0.9838852669889545,0.016114733011045462,0.9712273568367745,0.9712651878229969,0.971794720158818,0.9712273568367745,0.9529416103658407,0.9517628667157116,0.9552110140768101
"(0.45, 0.55) & 0.5",0.9269797030223021,0.923617649131719,0.9296490147783252,0.07035098522167489,0.9196404664424687,0.08035953355753134,0.9681164122941894,0.9552110140768101,0.987796833799718,0.9545256633156809,0.9066834133951887,0.12434162958247931,0.02912310152096456,0.9807730133752951,0.019226986624704942,0.9838852669889545,0.016114733011045462,0.9712273568367745,0.9712651878229969,0.971794720158818,0.9712273568367745,0.9529416103658407,0.9517628667157116,0.9552110140768101
"(0.525, 0.475) & 0.3875",0.9269036454203297,0.8869296801139473,0.9559729064039408,0.044027093596059094,0.8283722597037944,0.17162774029620567,0.9668393862830673,0.9547108172198042,0.9872599483036384,0.9545438636375998,0.8622870067504401,0.1331230525384448,0.03200722804679713,0.9534487280356674,0.04655127196433255,0.9895474474128276,0.010452552587172384,0.9539844235881874,0.9552836750807789,0.9592059912550962,0.9539844235881874,0.9290161288658896,0.908959853558311,0.9547108172198042
"(0.5375, 0.4625) & 0.4",0.9269036454203297,0.8869296801139473,0.9559729064039408,0.044027093596059094,0.8283722597037944,0.17162774029620567,0.9666532167706436,0.9547108172198042,0.9872251874582547,0.9545438636375998,0.8622870067504401,0.13467434417267846,0.032537609807998344,0.9534487280356674,0.04655127196433255,0.9895474474128276,0.010452552587172384,0.9539844235881874,0.9552836750807789,0.9592059912550962,0.9539844235881874,0.9290161288658896,0.908959853558311,0.9547108172198042
"(0.55, 0.45) & 0.4",0.9269036454203297,0.8869296801139473,0.9559729064039408,0.044027093596059094,0.8283722597037944,0.17162774029620567,0.9661675248148163,0.9547108172198042,0.987118422004576,0.9545438636375998,0.8622870067504401,0.13625251183084916,0.033082189856884076,0.9534487280356674,0.04655127196433255,0.9895474474128276,0.010452552587172384,0.9539844235881874,0.9552836750807789,0.9592059912550962,0.9539844235881874,0.9290161288658896,0.908959853558311,0.9547108172198042
"(0.5875, 0.4125) & 0.4125",0.9269036454203297,0.8869296801139473,0.9559729064039408,0.044027093596059094,0.8283722597037944,0.17162774029620567,0.9660927464657835,0.9547108172198042,0.9870846099162962,0.9545438636375998,0.8622870067504401,0.1411568248851403,0.03480111972964833,0.9534487280356674,0.04655127196433255,0.9895474474128276,0.010452552587172384,0.9539844235881874,0.9552836750807789,0.9592059912550962,0.9539844235881874,0.9290161288658896,0.908959853558311,0.9547108172198042
"(0.6125, 0.3875) & 0.425",0.9269036454203297,0.8869296801139473,0.9559729064039408,0.044027093596059094,0.8283722597037944,0.17162774029620567,0.965609819006702,0.9547108172198042,0.9869787932197215,0.9545438636375998,0.8622870067504401,0.14457783079277575,0.0360180644165804,0.9534487280356674,0.04655127196433255,0.9895474474128276,0.010452552587172384,0.9539844235881874,0.9552836750807789,0.9592059912550962,0.9539844235881874,0.9290161288658896,0.908959853558311,0.9547108172198042
"(0.45, 0.55) & 0.4125",0.9267431347406008,0.9039814687478966,0.9428879310344828,0.05711206896551724,0.8694352487240726,0.13056475127592748,0.9681164122941894,0.9547535314758042,0.987796833799718,0.9544906722583446,0.8821910757483,0.12434162958247931,0.02912310152096456,0.9666191319171256,0.03338086808287437,0.9866200694873102,0.013379930512689722,0.9622081789901973,0.9628654279856699,0.9645948352085616,0.9622081789901973,0.9402241165414138,0.9280276591056914,0.9547535314758042
"(0.3875, 0.6125) & 0.4875",0.9267126163023587,0.9293727002030239,0.9253386699507389,0.0746613300492611,0.9354992540212229,0.06450074597877714,0.9684859266056256,0.9550801663417476,0.9879029331047918,0.9542673806465357,0.9139941642651582,0.11765638611402893,0.027110115660761495,0.9848216627327564,0.01517833726724363,0.9829485182534748,0.017051481746525127,0.9736944620999324,0.9736075441736363,0.9740049333068725,0.9736944620999324,0.9566009760139951,0.9592238861373489,0.9550801663417476
"(0.375, 0.625) & 0.475",0.9267126163023587,0.9293727002030239,0.9253386699507389,0.0746613300492611,0.9354992540212229,0.06450074597877714,0.968378497270255,0.9550801663417476,0.9878666380989847,0.9542673806465357,0.9139941642651582,0.11638386536066596,0.026750113351774414,0.9848216627327564,0.01517833726724363,0.9829485182534748,0.017051481746525127,0.9736944620999324,0.9736075441736363,0.9740049333068725,0.9736944620999324,0.9566009760139951,0.9592238861373489,0.9550801663417476
"(0.375, 0.625) & 0.4875",0.9267126163023587,0.9293727002030239,0.9253386699507389,0.0746613300492611,0.9354992540212229,0.06450074597877714,0.968378497270255,0.9550801663417476,0.9878666380989847,0.9542673806465357,0.9139941642651582,0.11638386536066596,0.026750113351774414,0.9848216627327564,0.01517833726724363,0.9829485182534748,0.017051481746525127,0.9736944620999324,0.9736075441736363,0.9740049333068725,0.9736944620999324,0.9566009760139951,0.9592238861373489,0.9550801663417476
"(0.4875, 0.5125) & 0.4375",0.9267060372336288,0.9038895711195475,0.9428879310344828,0.05711206896551724,0.8692544923280769,0.13074550767192306,0.9672366272767388,0.9547494336525679,0.987511005582406,0.9544705982713964,0.8821044710826483,0.12862321523131648,0.030501272489300547,0.966610936270653,0.033389063729346954,0.986636454118031,0.013363545881968988,0.9622081789901973,0.9628425714023492,0.9645511405917067,0.9622081789901973,0.9401801151567006,0.927945473223054,0.9547494336525679
"(0.525, 0.475) & 0.4625",0.9267060372336288,0.9038895711195475,0.9428879310344828,0.05711206896551724,0.8692544923280769,0.13074550767192306,0.9668393862830673,0.9547494336525679,0.9872599483036384,0.9544705982713964,0.8821044710826483,0.1331230525384448,0.03200722804679713,0.966610936270653,0.033389063729346954,0.986636454118031,0.013363545881968988,0.9622081789901973,0.9628425714023492,0.9645511405917067,0.9622081789901973,0.9401801151567006,0.927945473223054,0.9547494336525679
"(0.425, 0.575) & 0.5",0.926701200490546,0.9292964661645258,0.9253386699507389,0.0746613300492611,0.9351573736793425,0.06484262632065746,0.9685286142365638,0.9550842641649839,0.9879041745635555,0.9542731812325268,0.9138581834432663,0.12160182944079327,0.0282753123138298,0.984829858379229,0.01517014162077103,0.9829495302237528,0.017050469776247218,0.9736999082484161,0.9736021503416397,0.9739479549581389,0.9736999082484161,0.9565670372015999,0.9590534519515477,0.9550842641649839
"(0.425, 0.575) & 0.45",0.9266696777295476,0.916571001691503,0.9341133004926109,0.06588669950738917,0.9023324656454094,0.09766753435459063,0.9685286142365638,0.9549147999971578,0.9879041745635555,0.9543715617891841,0.898033205150113,0.12160182944079327,0.0282753123138298,0.9757162995017047,0.0242837004982953,0.9848183514997517,0.015181648500248335,0.9679594541720488,0.9682097505895888,0.969263502933817,0.9679594541720488,0.9483645538402408,0.9435754085725805,0.9549147999971578
"(0.4, 0.6) & 0.4375",0.9266696777295476,0.916571001691503,0.9341133004926109,0.06588669950738917,0.9023324656454094,0.09766753435459063,0.9684859266056256,0.9549147999971578,0.9879029331047918,0.9543715617891841,0.898033205150113,0.11895004958185472,0.027484316257433087,0.9757162995017047,0.0242837004982953,0.9848183514997517,0.015181648500248335,0.9679594541720488,0.9682097505895888,0.969263502933817,0.9679594541720488,0.9483645538402408,0.9435754085725805,0.9549147999971578
"(0.5875, 0.4125) & 0.3875",0.9266453653081869,0.8808354442027687,0.9604371921182266,0.03956280788177338,0.8150466469707707,0.18495335302922938,0.9660927464657835,0.9544146031401519,0.9870846099162962,0.9542465797701913,0.8554014861251482,0.1411568248851403,0.03480111972964833,0.9483920141620771,0.05160798583792291,0.9905178915444133,0.009482108455586682,0.9507057710094611,0.952354875381855,0.9574913328536476,0.9507057710094611,0.9248736669163234,0.902782269257592,0.9544146031401519
"(0.6125, 0.3875) & 0.4",0.9266453653081869,0.8808354442027687,0.9604371921182266,0.03956280788177338,0.8150466469707707,0.18495335302922938,0.965609819006702,0.9544146031401519,0.9869787932197215,0.9542465797701913,0.8554014861251482,0.14457783079277575,0.0360180644165804,0.9483920141620771,0.05160798583792291,0.9905178915444133,0.009482108455586682,0.9507057710094611,0.952354875381855,0.9574913328536476,0.9507057710094611,0.9248736669163234,0.902782269257592,0.9544146031401519
"(0.5875, 0.4125) & 0.475",0.9261957659318001,0.8968341666997821,0.947198275862069,0.05280172413793102,0.8528294801462905,0.14717051985370952,0.9660927464657835,0.9543680534830932,0.9870846099162962,0.9541276460733195,0.873724437778044,0.1411568248851403,0.03480111972964833,0.9615378311041175,0.0384621688958825,0.9875915880146542,0.012408411985345924,0.9589132591575029,0.9597763177853769,0.962212207407223,0.9589132591575029,0.935585605032327,0.9202105340804723,0.9543680534830932
"(0.5375, 0.4625) & 0.3875",0.9261553216655404,0.8852220298407233,0.9559729064039408,0.044027093596059094,0.8254129794007641,0.17458702059923598,0.9666532167706436,0.9542067849617397,0.9872251874582547,0.9540525054460072,0.8602317374997974,0.13467434417267846,0.032537609807998344,0.9524406635195384,0.047559336480461595,0.989521186908626,0.010478813091374065,0.9531620551671347,0.9545322645771874,0.9586394376300577,0.9531620551671347,0.9278945610321178,0.9074670831546949,0.9542067849617397
"(0.5625, 0.4375) & 0.4",0.9261553216655404,0.8852220298407233,0.9559729064039408,0.044027093596059094,0.8254129794007641,0.17458702059923598,0.966217885509165,0.9542067849617397,0.9871193707616799,0.9540525054460072,0.8602317374997974,0.13785837392139977,0.033640968193454315,0.9524406635195384,0.047559336480461595,0.989521186908626,0.010478813091374065,0.9531620551671347,0.9545322645771874,0.9586394376300577,0.9531620551671347,0.9278945610321178,0.9074670831546949,0.9542067849617397
"(0.6, 0.4) & 0.4125",0.9261553216655404,0.8852220298407233,0.9559729064039408,0.044027093596059094,0.8254129794007641,0.17458702059923598,0.9657958309114638,0.9542067849617397,0.9870150882255286,0.9540525054460072,0.8602317374997974,0.14285144276500555,0.035402492929272104,0.9524406635195384,0.047559336480461595,0.989521186908626,0.010478813091374065,0.9531620551671347,0.9545322645771874,0.9586394376300577,0.9531620551671347,0.9278945610321178,0.9074670831546949,0.9542067849617397
"(0.6125, 0.3875) & 0.4125",0.9261553216655404,0.8852220298407233,0.9559729064039408,0.044027093596059094,0.8254129794007641,0.17458702059923598,0.965609819006702,0.9542067849617397,0.9869787932197215,0.9540525054460072,0.8602317374997974,0.14457783079277575,0.0360180644165804,0.9524406635195384,0.047559336480461595,0.989521186908626,0.010478813091374065,0.9531620551671347,0.9545322645771874,0.9586394376300577,0.9531620551671347,0.9278945610321178,0.9074670831546949,0.9542067849617397
"(0.3875, 0.6125) & 0.475",0.9259192173813812,0.9272762641443237,0.9253386699507389,0.0746613300492611,0.9308838694058382,0.06911613059416175,0.9684859266056256,0.9545761340836831,0.9879029331047918,0.9537978881669986,0.9112320932971563,0.11765638611402893,0.027110115660761495,0.9838135982166274,0.01618640178337266,0.9829172721592366,0.01708272784076334,0.9728720936788797,0.9728053384538693,0.9731292406429495,0.9728720936788797,0.9552977779049636,0.9569005707825375,0.9545761340836831
"(0.4, 0.6) & 0.4875",0.9259192173813812,0.9272762641443237,0.9253386699507389,0.0746613300492611,0.9308838694058382,0.06911613059416175,0.9684859266056256,0.9545761340836831,0.9879029331047918,0.9537978881669986,0.9112320932971563,0.11895004958185472,0.027484316257433087,0.9838135982166274,0.01618640178337266,0.9829172721592366,0.01708272784076334,0.9728720936788797,0.9728053384538693,0.9731292406429495,0.9728720936788797,0.9552977779049636,0.9569005707825375,0.9545761340836831
"(0.4125, 0.5875) & 0.4875",0.9259192173813812,0.9272762641443237,0.9253386699507389,0.0746613300492611,0.9308838694058382,0.06911613059416175,0.9684859266056256,0.9545761340836831,0.9879029331047918,0.9537978881669986,0.9112320932971563,0.12026510269004485,0.027872715141789184,0.9838135982166274,0.01618640178337266,0.9829172721592366,0.01708272784076334,0.9728720936788797,0.9728053384538693,0.9731292406429495,0.9728720936788797,0.9552977779049636,0.9569005707825375,0.9545761340836831
"(0.6, 0.4) & 0.3875",0.9258143301461659,0.8788629135189581,0.9604371921182266,0.03956280788177338,0.8114176147127061,0.18858238528729387,0.9657958309114638,0.9539105708820874,0.9870150882255286,0.953744492220354,0.8530347774744305,0.14285144276500555,0.035402492929272104,0.9473839496459481,0.05261605035405194,0.990509423857108,0.009490576142891921,0.9498834025884084,0.951568527556633,0.9568159190612024,0.9498834025884084,0.9236281515329381,0.9009635192849071,0.9539105708820874
"(0.5375, 0.4625) & 0.4125",0.9255590484643393,0.8897161480319942,0.9515086206896551,0.04849137931034482,0.8368857570373347,0.16311424296266525,0.9666532167706436,0.9539907711368549,0.9872251874582547,0.9537025474167885,0.8655490253042049,0.13467434417267846,0.032537609807998344,0.9564729215840546,0.04352707841594544,0.9886074067624211,0.01139259323757888,0.9556237854732924,0.9567039655654206,0.9600219025820586,0.9556237854732924,0.9309614909357644,0.9127465818998779,0.9539907711368549
"(0.5375, 0.4625) & 0.425",0.9255590484643393,0.8897161480319942,0.9515086206896551,0.04849137931034482,0.8368857570373347,0.16311424296266525,0.9666532167706436,0.9539907711368549,0.9872251874582547,0.9537025474167885,0.8655490253042049,0.13467434417267846,0.032537609807998344,0.9564729215840546,0.04352707841594544,0.9886074067624211,0.01139259323757888,0.9556237854732924,0.9567039655654206,0.9600219025820586,0.9556237854732924,0.9309614909357644,0.9127465818998779,0.9539907711368549
"(0.5625, 0.4375) & 0.425",0.9255590484643393,0.8897161480319942,0.9515086206896551,0.04849137931034482,0.8368857570373347,0.16311424296266525,0.966217885509165,0.9539907711368549,0.9871193707616799,0.9537025474167885,0.8655490253042049,0.13785837392139977,0.033640968193454315,0.9564729215840546,0.04352707841594544,0.9886074067624211,0.01139259323757888,0.9556237854732924,0.9567039655654206,0.9600219025820586,0.9556237854732924,0.9309614909357644,0.9127465818998779,0.9539907711368549
"(0.5625, 0.4375) & 0.4375",0.9255590484643393,0.8897161480319942,0.9515086206896551,0.04849137931034482,0.8368857570373347,0.16311424296266525,0.966217885509165,0.9539907711368549,0.9871193707616799,0.9537025474167885,0.8655490253042049,0.13785837392139977,0.033640968193454315,0.9564729215840546,0.04352707841594544,0.9886074067624211,0.01139259323757888,0.9556237854732924,0.9567039655654206,0.9600219025820586,0.9556237854732924,0.9309614909357644,0.9127465818998779,0.9539907711368549
"(0.575, 0.425) & 0.4375",0.9255590484643393,0.8897161480319942,0.9515086206896551,0.04849137931034482,0.8368857570373347,0.16311424296266525,0.966217885509165,0.9539907711368549,0.9871193707616799,0.9537025474167885,0.8655490253042049,0.13949282140848285,0.03421394481770906,0.9564729215840546,0.04352707841594544,0.9886074067624211,0.01139259323757888,0.9556237854732924,0.9567039655654206,0.9600219025820586,0.9556237854732924,0.9309614909357644,0.9127465818998779,0.9539907711368549
"(0.575, 0.425) & 0.45",0.9255590484643393,0.8897161480319942,0.9515086206896551,0.04849137931034482,0.8368857570373347,0.16311424296266525,0.966217885509165,0.9539907711368549,0.9871193707616799,0.9537025474167885,0.8655490253042049,0.13949282140848285,0.03421394481770906,0.9564729215840546,0.04352707841594544,0.9886074067624211,0.01139259323757888,0.9556237854732924,0.9567039655654206,0.9600219025820586,0.9556237854732924,0.9309614909357644,0.9127465818998779,0.9539907711368549
"(0.55, 0.45) & 0.4125",0.9255590484643393,0.8897161480319942,0.9515086206896551,0.04849137931034482,0.8368857570373347,0.16311424296266525,0.9661675248148163,0.9539907711368549,0.987118422004576,0.9537025474167885,0.8655490253042049,0.13625251183084916,0.033082189856884076,0.9564729215840546,0.04352707841594544,0.9886074067624211,0.01139259323757888,0.9556237854732924,0.9567039655654206,0.9600219025820586,0.9556237854732924,0.9309614909357644,0.9127465818998779,0.9539907711368549
"(0.55, 0.45) & 0.425",0.9255590484643393,0.8897161480319942,0.9515086206896551,0.04849137931034482,0.8368857570373347,0.16311424296266525,0.9661675248148163,0.9539907711368549,0.987118422004576,0.9537025474167885,0.8655490253042049,0.13625251183084916,0.033082189856884076,0.9564729215840546,0.04352707841594544,0.9886074067624211,0.01139259323757888,0.9556237854732924,0.9567039655654206,0.9600219025820586,0.9556237854732924,0.9309614909357644,0.9127465818998779,0.9539907711368549
"(0.55, 0.45) & 0.4375",0.9255590484643393,0.8897161480319942,0.9515086206896551,0.04849137931034482,0.8368857570373347,0.16311424296266525,0.9661675248148163,0.9539907711368549,0.987118422004576,0.9537025474167885,0.8655490253042049,0.13625251183084916,0.033082189856884076,0.9564729215840546,0.04352707841594544,0.9886074067624211,0.01139259323757888,0.9556237854732924,0.9567039655654206,0.9600219025820586,0.9556237854732924,0.9309614909357644,0.9127465818998779,0.9539907711368549
"(0.5875, 0.4125) & 0.45",0.9255590484643393,0.8897161480319942,0.9515086206896551,0.04849137931034482,0.8368857570373347,0.16311424296266525,0.9660927464657835,0.9539907711368549,0.9870846099162962,0.9537025474167885,0.8655490253042049,0.1411568248851403,0.03480111972964833,0.9564729215840546,0.04352707841594544,0.9886074067624211,0.01139259323757888,0.9556237854732924,0.9567039655654206,0.9600219025820586,0.9556237854732924,0.9309614909357644,0.9127465818998779,0.9539907711368549
"(0.6, 0.4) & 0.45",0.9255590484643393,0.8897161480319942,0.9515086206896551,0.04849137931034482,0.8368857570373347,0.16311424296266525,0.9657958309114638,0.9539907711368549,0.9870150882255286,0.9537025474167885,0.8655490253042049,0.14285144276500555,0.035402492929272104,0.9564729215840546,0.04352707841594544,0.9886074067624211,0.01139259323757888,0.9556237854732924,0.9567039655654206,0.9600219025820586,0.9556237854732924,0.9309614909357644,0.9127465818998779,0.9539907711368549
"(0.6, 0.4) & 0.4625",0.9255590484643393,0.8897161480319942,0.9515086206896551,0.04849137931034482,0.8368857570373347,0.16311424296266525,0.9657958309114638,0.9539907711368549,0.9870150882255286,0.9537025474167885,0.8655490253042049,0.14285144276500555,0.035402492929272104,0.9564729215840546,0.04352707841594544,0.9886074067624211,0.01139259323757888,0.9556237854732924,0.9567039655654206,0.9600219025820586,0.9556237854732924,0.9309614909357644,0.9127465818998779,0.9539907711368549
"(0.6125, 0.3875) & 0.4625",0.9255590484643393,0.8897161480319942,0.9515086206896551,0.04849137931034482,0.8368857570373347,0.16311424296266525,0.965609819006702,0.9539907711368549,0.9869787932197215,0.9537025474167885,0.8655490253042049,0.14457783079277575,0.0360180644165804,0.9564729215840546,0.04352707841594544,0.9886074067624211,0.01139259323757888,0.9556237854732924,0.9567039655654206,0.9600219025820586,0.9556237854732924,0.9309614909357644,0.9127465818998779,0.9539907711368549
"(0.3875, 0.6125) & 0.4",0.9255434943093441,0.9073705770962768,0.9384236453201971,0.06157635467980295,0.8797849341539123,0.12021506584608765,0.9684859266056256,0.9540416810393275,0.9879029331047918,0.9536957042698451,0.8862856727168805,0.11765638611402893,0.027110115660761495,0.969659716758458,0.030340283241542074,0.9856465814767135,0.014353418523286504,0.9638475408753022,0.9643765345661096,0.9657568549216773,0.9638475408753022,0.9424519878733093,0.9327157578153129,0.9540416810393275
"(0.375, 0.625) & 0.3875",0.9255434943093441,0.9073705770962768,0.9384236453201971,0.06157635467980295,0.8797849341539123,0.12021506584608765,0.968378497270255,0.9540416810393275,0.9878666380989847,0.9536957042698451,0.8862856727168805,0.11638386536066596,0.026750113351774414,0.969659716758458,0.030340283241542074,0.9856465814767135,0.014353418523286504,0.9638475408753022,0.9643765345661096,0.9657568549216773,0.9638475408753022,0.9424519878733093,0.9327157578153129,0.9540416810393275
"(0.425, 0.575) & 0.425",0.9255096724529834,0.9073933444336042,0.9384236453201971,0.06157635467980295,0.8801137804259634,0.11988621957403653,0.9685286142365638,0.9540416810393275,0.9879041745635555,0.9536664248848594,0.8864276641246486,0.12160182944079327,0.0282753123138298,0.9696597167584579,0.030340283241542074,0.9856711479806441,0.014328852019355853,0.9638529158323026,0.9643736507672404,0.9658208869696241,0.9638529158323026,0.9424631677365223,0.9328924642033039,0.9540416810393275
"(0.4375, 0.5625) & 0.425",0.9255096724529834,0.9073933444336042,0.9384236453201971,0.06157635467980295,0.8801137804259634,0.11988621957403653,0.968375111927889,0.9540416810393275,0.9878691311096728,0.9536664248848594,0.8864276641246486,0.12296055157776221,0.02869210777355493,0.9696597167584579,0.030340283241542074,0.9856711479806441,0.014328852019355853,0.9638529158323026,0.9643736507672404,0.9658208869696241,0.9638529158323026,0.9424631677365223,0.9328924642033039,0.9540416810393275
"(0.45, 0.55) & 0.425",0.9255096724529834,0.9073933444336042,0.9384236453201971,0.06157635467980295,0.8801137804259634,0.11988621957403653,0.9681164122941894,0.9540416810393275,0.987796833799718,0.9536664248848594,0.8864276641246486,0.12434162958247931,0.02912310152096456,0.9696597167584579,0.030340283241542074,0.9856711479806441,0.014328852019355853,0.9638529158323026,0.9643736507672404,0.9658208869696241,0.9638529158323026,0.9424631677365223,0.9328924642033039,0.9540416810393275
"(0.45, 0.55) & 0.4375",0.9255096724529834,0.9073933444336042,0.9384236453201971,0.06157635467980295,0.8801137804259634,0.11988621957403653,0.9681164122941894,0.9540416810393275,0.987796833799718,0.9536664248848594,0.8864276641246486,0.12434162958247931,0.02912310152096456,0.9696597167584579,0.030340283241542074,0.9856711479806441,0.014328852019355853,0.9638529158323026,0.9643736507672404,0.9658208869696241,0.9638529158323026,0.9424631677365223,0.9328924642033039,0.9540416810393275
"(0.4625, 0.5375) & 0.4375",0.9255096724529834,0.9073933444336042,0.9384236453201971,0.06157635467980295,0.8801137804259634,0.11988621957403653,0.9678451957516865,0.9540416810393275,0.9877257779485271,0.9536664248848594,0.8864276641246486,0.12574546401006462,0.02956829355605871,0.9696597167584579,0.030340283241542074,0.9856711479806441,0.014328852019355853,0.9638529158323026,0.9643736507672404,0.9658208869696241,0.9638529158323026,0.9424631677365223,0.9328924642033039,0.9540416810393275
"(0.4625, 0.5375) & 0.45",0.9255096724529834,0.9073933444336042,0.9384236453201971,0.06157635467980295,0.8801137804259634,0.11988621957403653,0.9678451957516865,0.9540416810393275,0.9877257779485271,0.9536664248848594,0.8864276641246486,0.12574546401006462,0.02956829355605871,0.9696597167584579,0.030340283241542074,0.9856711479806441,0.014328852019355853,0.9638529158323026,0.9643736507672404,0.9658208869696241,0.9638529158323026,0.9424631677365223,0.9328924642033039,0.9540416810393275
"(0.475, 0.525) & 0.4375",0.9255096724529834,0.9073933444336042,0.9384236453201971,0.06157635467980295,0.8801137804259634,0.11988621957403653,0.967696386227877,0.9540416810393275,0.9876537733402322,0.9536664248848594,0.8864276641246486,0.12717249717825133,0.03002768387883737,0.9696597167584579,0.030340283241542074,0.9856711479806441,0.014328852019355853,0.9638529158323026,0.9643736507672404,0.9658208869696241,0.9638529158323026,0.9424631677365223,0.9328924642033039,0.9540416810393275
"(0.475, 0.525) & 0.45",0.9255096724529834,0.9073933444336042,0.9384236453201971,0.06157635467980295,0.8801137804259634,0.11988621957403653,0.967696386227877,0.9540416810393275,0.9876537733402322,0.9536664248848594,0.8864276641246486,0.12717249717825133,0.03002768387883737,0.9696597167584579,0.030340283241542074,0.9856711479806441,0.014328852019355853,0.9638529158323026,0.9643736507672404,0.9658208869696241,0.9638529158323026,0.9424631677365223,0.9328924642033039,0.9540416810393275
"(0.5, 0.5) & 0.4625",0.9255096724529834,0.9073933444336042,0.9384236453201971,0.06157635467980295,0.8801137804259634,0.11988621957403653,0.967282507976189,0.9540416810393275,0.9874759621285232,0.9536664248848594,0.8864276641246486,0.13009815060901808,0.030989059387448226,0.9696597167584579,0.030340283241542074,0.9856711479806441,0.014328852019355853,0.9638529158323026,0.9643736507672404,0.9658208869696241,0.9638529158323026,0.9424631677365223,0.9328924642033039,0.9540416810393275
"(0.5, 0.5) & 0.475",0.9255096724529834,0.9073933444336042,0.9384236453201971,0.06157635467980295,0.8801137804259634,0.11988621957403653,0.967282507976189,0.9540416810393275,0.9874759621285232,0.9536664248848594,0.8864276641246486,0.13009815060901808,0.030989059387448226,0.9696597167584579,0.030340283241542074,0.9856711479806441,0.014328852019355853,0.9638529158323026,0.9643736507672404,0.9658208869696241,0.9638529158323026,0.9424631677365223,0.9328924642033039,0.9540416810393275
"(0.4875, 0.5125) & 0.45",0.9255096724529834,0.9073933444336042,0.9384236453201971,0.06157635467980295,0.8801137804259634,0.11988621957403653,0.9672366272767388,0.9540416810393275,0.987511005582406,0.9536664248848594,0.8864276641246486,0.12862321523131648,0.030501272489300547,0.9696597167584579,0.030340283241542074,0.9856711479806441,0.014328852019355853,0.9638529158323026,0.9643736507672404,0.9658208869696241,0.9638529158323026,0.9424631677365223,0.9328924642033039,0.9540416810393275
"(0.4875, 0.5125) & 0.4625",0.9255096724529834,0.9073933444336042,0.9384236453201971,0.06157635467980295,0.8801137804259634,0.11988621957403653,0.9672366272767388,0.9540416810393275,0.987511005582406,0.9536664248848594,0.8864276641246486,0.12862321523131648,0.030501272489300547,0.9696597167584579,0.030340283241542074,0.9856711479806441,0.014328852019355853,0.9638529158323026,0.9643736507672404,0.9658208869696241,0.9638529158323026,0.9424631677365223,0.9328924642033039,0.9540416810393275
"(0.5125, 0.4875) & 0.4625",0.9255096724529834,0.9073933444336042,0.9384236453201971,0.06157635467980295,0.8801137804259634,0.11988621957403653,0.9670047301984113,0.9540416810393275,0.9872959506077859,0.9536664248848594,0.8864276641246486,0.13159788495862262,0.03149104457328042,0.9696597167584579,0.030340283241542074,0.9856711479806441,0.014328852019355853,0.9638529158323026,0.9643736507672404,0.9658208869696241,0.9638529158323026,0.9424631677365223,0.9328924642033039,0.9540416810393275
"(0.5125, 0.4875) & 0.475",0.9255096724529834,0.9073933444336042,0.9384236453201971,0.06157635467980295,0.8801137804259634,0.11988621957403653,0.9670047301984113,0.9540416810393275,0.9872959506077859,0.9536664248848594,0.8864276641246486,0.13159788495862262,0.03149104457328042,0.9696597167584579,0.030340283241542074,0.9856711479806441,0.014328852019355853,0.9638529158323026,0.9643736507672404,0.9658208869696241,0.9638529158323026,0.9424631677365223,0.9328924642033039,0.9540416810393275
"(0.525, 0.475) & 0.475",0.9255096724529834,0.9073933444336042,0.9384236453201971,0.06157635467980295,0.8801137804259634,0.11988621957403653,0.9668393862830673,0.9540416810393275,0.9872599483036384,0.9536664248848594,0.8864276641246486,0.1331230525384448,0.03200722804679713,0.9696597167584579,0.030340283241542074,0.9856711479806441,0.014328852019355853,0.9638529158323026,0.9643736507672404,0.9658208869696241,0.9638529158323026,0.9424631677365223,0.9328924642033039,0.9540416810393275
"(0.5375, 0.4625) & 0.4875",0.9255096724529834,0.9073933444336042,0.9384236453201971,0.06157635467980295,0.8801137804259634,0.11988621957403653,0.9666532167706436,0.9540416810393275,0.9872251874582547,0.9536664248848594,0.8864276641246486,0.13467434417267846,0.032537609807998344,0.9696597167584579,0.030340283241542074,0.9856711479806441,0.014328852019355853,0.9638529158323026,0.9643736507672404,0.9658208869696241,0.9638529158323026,0.9424631677365223,0.9328924642033039,0.9540416810393275
"(0.575, 0.425) & 0.4625",0.9254407323747531,0.8951060561007037,0.947198275862069,0.05280172413793102,0.8498214587559161,0.15017854124408386,0.966217885509165,0.9538599234017924,0.9871193707616799,0.9536238574197078,0.8716468295069869,0.13949282140848285,0.03421394481770906,0.9605215709415159,0.039478429058484116,0.9875737842829919,0.012426215717008068,0.9580908907364503,0.9590130225942934,0.9616239016222539,0.9580908907364503,0.9344536405390016,0.918697621519454,0.9538599234017924
"(0.5625, 0.4375) & 0.3875",0.9254172489210907,0.883569465060184,0.9559729064039408,0.044027093596059094,0.8226277744096766,0.1773722255903233,0.966217885509165,0.9537027527036752,0.9871193707616799,0.9535590247271861,0.8582570919591089,0.13785837392139977,0.033640968193454315,0.9514325990034094,0.048567400996590626,0.9894944813111326,0.010505518688867302,0.9523396867460822,0.9537873911255925,0.9581045874074287,0.9523396867460822,0.9267983231951249,0.9060611278604047,0.9537027527036752
"(0.575, 0.425) & 0.4",0.9254172489210907,0.883569465060184,0.9559729064039408,0.044027093596059094,0.8226277744096766,0.1773722255903233,0.966217885509165,0.9537027527036752,0.9871193707616799,0.9535590247271861,0.8582570919591089,0.13949282140848285,0.03421394481770906,0.9514325990034094,0.048567400996590626,0.9894944813111326,0.010505518688867302,0.9523396867460822,0.9537873911255925,0.9581045874074287,0.9523396867460822,0.9267983231951249,0.9060611278604047,0.9537027527036752
"(0.55, 0.45) & 0.3875",0.9254172489210907,0.883569465060184,0.9559729064039408,0.044027093596059094,0.8226277744096766,0.1773722255903233,0.9661675248148163,0.9537027527036752,0.987118422004576,0.9535590247271861,0.8582570919591089,0.13625251183084916,0.033082189856884076,0.9514325990034094,0.048567400996590626,0.9894944813111326,0.010505518688867302,0.9523396867460822,0.9537873911255925,0.9581045874074287,0.9523396867460822,0.9267983231951249,0.9060611278604047,0.9537027527036752
"(0.5875, 0.4125) & 0.4",0.9254172489210907,0.883569465060184,0.9559729064039408,0.044027093596059094,0.8226277744096766,0.1773722255903233,0.9660927464657835,0.9537027527036752,0.9870846099162962,0.9535590247271861,0.8582570919591089,0.1411568248851403,0.03480111972964833,0.9514325990034094,0.048567400996590626,0.9894944813111326,0.010505518688867302,0.9523396867460822,0.9537873911255925,0.9581045874074287,0.9523396867460822,0.9267983231951249,0.9060611278604047,0.9537027527036752
"(0.45, 0.55) & 0.4875",0.9253930929565454,0.9199172680450343,0.9296490147783252,0.07035098522167489,0.9130074109108719,0.08699258908912814,0.9681164122941894,0.9541988517374448,0.987796833799718,0.953512559048912,0.9022455420274034,0.12434162958247931,0.02912310152096456,0.9787486886965644,0.021251311303435605,0.9838683316143441,0.01613166838565594,0.9695879949516696,0.969711257330601,0.9705197201149653,0.9695879949516696,0.9505664731340009,0.948437871262608,0.9541988517374448
"(0.4625, 0.5375) & 0.4875",0.9253930929565454,0.9199172680450343,0.9296490147783252,0.07035098522167489,0.9130074109108719,0.08699258908912814,0.9678451957516865,0.9541988517374448,0.9877257779485271,0.953512559048912,0.9022455420274034,0.12574546401006462,0.02956829355605871,0.9787486886965644,0.021251311303435605,0.9838683316143441,0.01613166838565594,0.9695879949516696,0.969711257330601,0.9705197201149653,0.9695879949516696,0.9505664731340009,0.948437871262608,0.9541988517374448
"(0.4625, 0.5375) & 0.5",0.9253930929565454,0.9199172680450343,0.9296490147783252,0.07035098522167489,0.9130074109108719,0.08699258908912814,0.9678451957516865,0.9541988517374448,0.9877257779485271,0.953512559048912,0.9022455420274034,0.12574546401006462,0.02956829355605871,0.9787486886965644,0.021251311303435605,0.9838683316143441,0.01613166838565594,0.9695879949516696,0.969711257330601,0.9705197201149653,0.9695879949516696,0.9505664731340009,0.948437871262608,0.9541988517374448
"(0.475, 0.525) & 0.5",0.9253930929565454,0.9199172680450343,0.9296490147783252,0.07035098522167489,0.9130074109108719,0.08699258908912814,0.967696386227877,0.9541988517374448,0.9876537733402322,0.953512559048912,0.9022455420274034,0.12717249717825133,0.03002768387883737,0.9787486886965644,0.021251311303435605,0.9838683316143441,0.01613166838565594,0.9695879949516696,0.969711257330601,0.9705197201149653,0.9695879949516696,0.9505664731340009,0.948437871262608,0.9541988517374448
"(0.375, 0.625) & 0.4625",0.9251220988173755,0.9253037334605131,0.9253386699507389,0.0746613300492611,0.9270045590610106,0.07299544093898933,0.968378497270255,0.9540680040023823,0.9878666380989847,0.9533025317926237,0.9087667133356158,0.11638386536066596,0.026750113351774414,0.9827973380540258,0.017202661945974293,0.9829006121565711,0.017099387843428945,0.9720497252578271,0.9720094246378523,0.9723756276144767,0.9720497252578271,0.9540522625215784,0.9549525856087909,0.9540680040023823
"(0.3875, 0.6125) & 0.425",0.9251168826984916,0.912602747723249,0.9341133004926109,0.06588669950738917,0.894090707403651,0.10590929259634889,0.9684859266056256,0.9539067354810288,0.9879029331047918,0.953426768503123,0.8929179407128873,0.11765638611402893,0.027110115660761495,0.9737001704694466,0.026299829530553362,0.9847543474034894,0.015245652596510492,0.9663147173299435,0.966636651174384,0.9676930704423319,0.9663147173299435,0.9458642978238557,0.9394225274035704,0.9539067354810288
"(0.4, 0.6) & 0.425",0.9251168826984916,0.912602747723249,0.9341133004926109,0.06588669950738917,0.894090707403651,0.10590929259634889,0.9684859266056256,0.9539067354810288,0.9879029331047918,0.953426768503123,0.8929179407128873,0.11895004958185472,0.027484316257433087,0.9737001704694466,0.026299829530553362,0.9847543474034894,0.015245652596510492,0.9663147173299435,0.966636651174384,0.9676930704423319,0.9663147173299435,0.9458642978238557,0.9394225274035704,0.9539067354810288
"(0.4125, 0.5875) & 0.4375",0.9251168826984916,0.912602747723249,0.9341133004926109,0.06588669950738917,0.894090707403651,0.10590929259634889,0.9684859266056256,0.9539067354810288,0.9879029331047918,0.953426768503123,0.8929179407128873,0.12026510269004485,0.027872715141789184,0.9737001704694466,0.026299829530553362,0.9847543474034894,0.015245652596510492,0.9663147173299435,0.966636651174384,0.9676930704423319,0.9663147173299435,0.9458642978238557,0.9394225274035704,0.9539067354810288
"(0.4, 0.6) & 0.475",0.9250643541594967,0.9251616024901883,0.9253386699507389,0.0746613300492611,0.9267274654649515,0.07327253453504845,0.9684859266056256,0.9540721018256186,0.9879029331047918,0.9532999161930035,0.9086351104254002,0.11895004958185472,0.027484316257433087,0.9828055337004984,0.017194466299501693,0.982909076512764,0.01709092348723594,0.9720497252578271,0.9719996171668461,0.9723569013632953,0.9720497252578271,0.9539853700242196,0.9548182709888577,0.9540721018256186
"(0.6125, 0.3875) & 0.3875",0.9250172115821602,0.8770781435559756,0.9604371921182266,0.03956280788177338,0.8084095933223319,0.19159040667766825,0.965609819006702,0.9534024408007865,0.9869787932197215,0.9532317862611208,0.850946832754468,0.14457783079277575,0.0360180644165804,0.9463676894833465,0.053632310516653556,0.9905003698226303,0.009499630177369683,0.949055588018872,0.9508009991097587,0.956250765119671,0.949055588018872,0.9224677859152088,0.899454981572481,0.9534024408007865
"(0.5, 0.5) & 0.3875",0.9248098725578364,0.8879012659993263,0.9515086206896551,0.04849137931034482,0.8334374811752658,0.1665625188247342,0.967282507976189,0.9534867388787904,0.9874759621285232,0.953225196708535,0.863279143817851,0.13009815060901808,0.030989059387448226,0.9554648570679255,0.04453514293207447,0.9885740867570899,0.01142591324291009,0.9548014170522398,0.9559400137904699,0.9593595117610125,0.9548014170522398,0.929790727448149,0.9110057839661778,0.9534867388787904
"(0.5, 0.5) & 0.4",0.9248098725578364,0.8879012659993263,0.9515086206896551,0.04849137931034482,0.8334374811752658,0.1665625188247342,0.967282507976189,0.9534867388787904,0.9874759621285232,0.953225196708535,0.863279143817851,0.13009815060901808,0.030989059387448226,0.9554648570679255,0.04453514293207447,0.9885740867570899,0.01142591324291009,0.9548014170522398,0.9559400137904699,0.9593595117610125,0.9548014170522398,0.929790727448149,0.9110057839661778,0.9534867388787904
"(0.4875, 0.5125) & 0.3875",0.9248098725578364,0.8879012659993263,0.9515086206896551,0.04849137931034482,0.8334374811752658,0.1665625188247342,0.9672366272767388,0.9534867388787904,0.987511005582406,0.953225196708535,0.863279143817851,0.12862321523131648,0.030501272489300547,0.9554648570679255,0.04453514293207447,0.9885740867570899,0.01142591324291009,0.9548014170522398,0.9559400137904699,0.9593595117610125,0.9548014170522398,0.929790727448149,0.9110057839661778,0.9534867388787904
"(0.5125, 0.4875) & 0.4",0.9248098725578364,0.8879012659993263,0.9515086206896551,0.04849137931034482,0.8334374811752658,0.1665625188247342,0.9670047301984113,0.9534867388787904,0.9872959506077859,0.953225196708535,0.863279143817851,0.13159788495862262,0.03149104457328042,0.9554648570679255,0.04453514293207447,0.9885740867570899,0.01142591324291009,0.9548014170522398,0.9559400137904699,0.9593595117610125,0.9548014170522398,0.929790727448149,0.9110057839661778,0.9534867388787904
"(0.525, 0.475) & 0.4",0.9248098725578364,0.8879012659993263,0.9515086206896551,0.04849137931034482,0.8334374811752658,0.1665625188247342,0.9668393862830673,0.9534867388787904,0.9872599483036384,0.953225196708535,0.863279143817851,0.1331230525384448,0.03200722804679713,0.9554648570679255,0.04453514293207447,0.9885740867570899,0.01142591324291009,0.9548014170522398,0.9559400137904699,0.9593595117610125,0.9548014170522398,0.929790727448149,0.9110057839661778,0.9534867388787904
"(0.525, 0.475) & 0.4125",0.9248098725578364,0.8879012659993263,0.9515086206896551,0.04849137931034482,0.8334374811752658,0.1665625188247342,0.9668393862830673,0.9534867388787904,0.9872599483036384,0.953225196708535,0.863279143817851,0.1331230525384448,0.03200722804679713,0.9554648570679255,0.04453514293207447,0.9885740867570899,0.01142591324291009,0.9548014170522398,0.9559400137904699,0.9593595117610125,0.9548014170522398,0.929790727448149,0.9110057839661778,0.9534867388787904
"(0.575, 0.425) & 0.425",0.9248098725578364,0.8879012659993263,0.9515086206896551,0.04849137931034482,0.8334374811752658,0.1665625188247342,0.966217885509165,0.9534867388787904,0.9871193707616799,0.953225196708535,0.863279143817851,0.13949282140848285,0.03421394481770906,0.9554648570679255,0.04453514293207447,0.9885740867570899,0.01142591324291009,0.9548014170522398,0.9559400137904699,0.9593595117610125,0.9548014170522398,0.929790727448149,0.9110057839661778,0.9534867388787904
"(0.5875, 0.4125) & 0.425",0.9248098725578364,0.8879012659993263,0.9515086206896551,0.04849137931034482,0.8334374811752658,0.1665625188247342,0.9660927464657835,0.9534867388787904,0.9870846099162962,0.953225196708535,0.863279143817851,0.1411568248851403,0.03480111972964833,0.9554648570679255,0.04453514293207447,0.9885740867570899,0.01142591324291009,0.9548014170522398,0.9559400137904699,0.9593595117610125,0.9548014170522398,0.929790727448149,0.9110057839661778,0.9534867388787904
"(0.5875, 0.4125) & 0.4375",0.9248098725578364,0.8879012659993263,0.9515086206896551,0.04849137931034482,0.8334374811752658,0.1665625188247342,0.9660927464657835,0.9534867388787904,0.9870846099162962,0.953225196708535,0.863279143817851,0.1411568248851403,0.03480111972964833,0.9554648570679255,0.04453514293207447,0.9885740867570899,0.01142591324291009,0.9548014170522398,0.9559400137904699,0.9593595117610125,0.9548014170522398,0.929790727448149,0.9110057839661778,0.9534867388787904
"(0.6, 0.4) & 0.4375",0.9248098725578364,0.8879012659993263,0.9515086206896551,0.04849137931034482,0.8334374811752658,0.1665625188247342,0.9657958309114638,0.9534867388787904,0.9870150882255286,0.953225196708535,0.863279143817851,0.14285144276500555,0.035402492929272104,0.9554648570679255,0.04453514293207447,0.9885740867570899,0.01142591324291009,0.9548014170522398,0.9559400137904699,0.9593595117610125,0.9548014170522398,0.929790727448149,0.9110057839661778,0.9534867388787904
"(0.6125, 0.3875) & 0.4375",0.9248098725578364,0.8879012659993263,0.9515086206896551,0.04849137931034482,0.8334374811752658,0.1665625188247342,0.965609819006702,0.9534867388787904,0.9869787932197215,0.953225196708535,0.863279143817851,0.14457783079277575,0.0360180644165804,0.9554648570679255,0.04453514293207447,0.9885740867570899,0.01142591324291009,0.9548014170522398,0.9559400137904699,0.9593595117610125,0.9548014170522398,0.929790727448149,0.9110057839661778,0.9534867388787904
"(0.6125, 0.3875) & 0.45",0.9248098725578364,0.8879012659993263,0.9515086206896551,0.04849137931034482,0.8334374811752658,0.1665625188247342,0.965609819006702,0.9534867388787904,0.9869787932197215,0.953225196708535,0.863279143817851,0.14457783079277575,0.0360180644165804,0.9554648570679255,0.04453514293207447,0.9885740867570899,0.01142591324291009,0.9548014170522398,0.9559400137904699,0.9593595117610125,0.9548014170522398,0.929790727448149,0.9110057839661778,0.9534867388787904
"(0.425, 0.575) & 0.4125",0.9247604965464806,0.9055784624009363,0.9384236453201971,0.06157635467980295,0.8766655045638945,0.12333449543610549,0.9685286142365638,0.953537648781263,0.9879041745635555,0.9531890741766058,0.8841577826382947,0.12160182944079327,0.0282753123138298,0.9686516522423289,0.031348347757671105,0.9856378279753129,0.014362172024687064,0.9630305474112499,0.9636096989922898,0.9651584961485781,0.9630305474112499,0.941292404248907,0.9311516662696038,0.953537648781263
"(0.3875, 0.6125) & 0.3875",0.9247604965464806,0.9055784624009363,0.9384236453201971,0.06157635467980295,0.8766655045638945,0.12333449543610549,0.9684859266056256,0.953537648781263,0.9879029331047918,0.9531890741766058,0.8841577826382947,0.11765638611402893,0.027110115660761495,0.9686516522423289,0.031348347757671105,0.9856378279753129,0.014362172024687064,0.9630305474112499,0.9636096989922898,0.9651584961485781,0.9630305474112499,0.941292404248907,0.9311516662696038,0.953537648781263
"(0.4, 0.6) & 0.4",0.9247604965464806,0.9055784624009363,0.9384236453201971,0.06157635467980295,0.8766655045638945,0.12333449543610549,0.9684859266056256,0.953537648781263,0.9879029331047918,0.9531890741766058,0.8841577826382947,0.11895004958185472,0.027484316257433087,0.9686516522423289,0.031348347757671105,0.9856378279753129,0.014362172024687064,0.9630305474112499,0.9636096989922898,0.9651584961485781,0.9630305474112499,0.941292404248907,0.9311516662696038,0.953537648781263
"(0.4125, 0.5875) & 0.4",0.9247604965464806,0.9055784624009363,0.9384236453201971,0.06157635467980295,0.8766655045638945,0.12333449543610549,0.9684859266056256,0.953537648781263,0.9879029331047918,0.9531890741766058,0.8841577826382947,0.12026510269004485,0.027872715141789184,0.9686516522423289,0.031348347757671105,0.9856378279753129,0.014362172024687064,0.9630305474112499,0.9636096989922898,0.9651584961485781,0.9630305474112499,0.941292404248907,0.9311516662696038,0.953537648781263
"(0.4125, 0.5875) & 0.4125",0.9247604965464806,0.9055784624009363,0.9384236453201971,0.06157635467980295,0.8766655045638945,0.12333449543610549,0.9684859266056256,0.953537648781263,0.9879029331047918,0.9531890741766058,0.8841577826382947,0.12026510269004485,0.027872715141789184,0.9686516522423289,0.031348347757671105,0.9856378279753129,0.014362172024687064,0.9630305474112499,0.9636096989922898,0.9651584961485781,0.9630305474112499,0.941292404248907,0.9311516662696038,0.953537648781263
"(0.4375, 0.5625) & 0.4125",0.9247604965464806,0.9055784624009363,0.9384236453201971,0.06157635467980295,0.8766655045638945,0.12333449543610549,0.968375111927889,0.953537648781263,0.9878691311096728,0.9531890741766058,0.8841577826382947,0.12296055157776221,0.02869210777355493,0.9686516522423289,0.031348347757671105,0.9856378279753129,0.014362172024687064,0.9630305474112499,0.9636096989922898,0.9651584961485781,0.9630305474112499,0.941292404248907,0.9311516662696038,0.953537648781263
"(0.4625, 0.5375) & 0.425",0.9247292808837098,0.9055028423162417,0.9384236453201971,0.06157635467980295,0.876521826402975,0.12347817359702502,0.9678451957516865,0.9535335509580267,0.9877257779485271,0.9531772544038984,0.8840845869335114,0.12574546401006462,0.02956829355605871,0.9686434565958563,0.031356543404143705,0.9856457449187285,0.014354255081271583,0.9630251012627661,0.9635938712595836,0.9651341367096287,0.9630251012627661,0.9412544506356865,0.9310837856608517,0.9535335509580267
"(0.55, 0.45) & 0.4875",0.9247292808837098,0.9055028423162417,0.9384236453201971,0.06157635467980295,0.876521826402975,0.12347817359702502,0.9661675248148163,0.9535335509580267,0.987118422004576,0.9531772544038984,0.8840845869335114,0.13625251183084916,0.033082189856884076,0.9686434565958563,0.031356543404143705,0.9856457449187285,0.014354255081271583,0.9630251012627661,0.9635938712595836,0.9651341367096287,0.9630251012627661,0.9412544506356865,0.9310837856608517,0.9535335509580267
"(0.3875, 0.6125) & 0.5",0.9246920014197367,0.9310845934951335,0.9208743842364532,0.0791256157635468,0.9436304028851303,0.05636959711486965,0.9684859266056256,0.95386018582397,0.9879029331047918,0.9529556852182213,0.9163271342524605,0.11765638611402893,0.027110115660761495,0.986845987411487,0.013154012588512967,0.9819970364805927,0.018002963519407375,0.9745169017124684,0.9743656973798709,0.9747531484624781,0.9745169017124684,0.9577221782101331,0.9628137196828616,0.95386018582397
"(0.375, 0.625) & 0.5",0.9246920014197367,0.9310845934951335,0.9208743842364532,0.0791256157635468,0.9436304028851303,0.05636959711486965,0.968378497270255,0.95386018582397,0.9878666380989847,0.9529556852182213,0.9163271342524605,0.11638386536066596,0.026750113351774414,0.986845987411487,0.013154012588512967,0.9819970364805927,0.018002963519407375,0.9745169017124684,0.9743656973798709,0.9747531484624781,0.9745169017124684,0.9577221782101331,0.9628137196828616,0.95386018582397
"(0.4375, 0.5625) & 0.475",0.9245959743925397,0.9179447373612236,0.9296490147783252,0.07035098522167489,0.9091281005660443,0.09087189943395572,0.968375111927889,0.9536907216561439,0.9878691311096728,0.9530172026745369,0.8997801620658629,0.12296055157776221,0.02869210777355493,0.9777324285339628,0.022267571466037236,0.9838516716116785,0.016148328388321545,0.9687656265306169,0.9689153435145841,0.9697661070864925,0.9687656265306169,0.9493209577506156,0.9464898860888614,0.9536907216561439
"(0.3875, 0.6125) & 0.4125",0.9243570042790388,0.9107230484751287,0.9341133004926109,0.06588669950738917,0.8903961261228629,0.10960387387713706,0.9684859266056256,0.9534027032229643,0.9879029331047918,0.9529514192917903,0.8905410510276943,0.11765638611402893,0.027110115660761495,0.9726921059533176,0.027307894046682393,0.9847215648175991,0.015278435182400865,0.9654923489088909,0.9658642241554196,0.9669857459915918,0.9654923489088909,0.944663249296831,0.937558845470231,0.9534027032229643
"(0.375, 0.625) & 0.4",0.9243570042790388,0.9107230484751287,0.9341133004926109,0.06588669950738917,0.8903961261228629,0.10960387387713706,0.968378497270255,0.9534027032229643,0.9878666380989847,0.9529514192917903,0.8905410510276943,0.11638386536066596,0.026750113351774414,0.9726921059533176,0.027307894046682393,0.9847215648175991,0.015278435182400865,0.9654923489088909,0.9658642241554196,0.9669857459915918,0.9654923489088909,0.944663249296831,0.937558845470231,0.9534027032229643
"(0.375, 0.625) & 0.4125",0.9243570042790388,0.9107230484751287,0.9341133004926109,0.06588669950738917,0.8903961261228629,0.10960387387713706,0.968378497270255,0.9534027032229643,0.9878666380989847,0.9529514192917903,0.8905410510276943,0.11638386536066596,0.026750113351774414,0.9726921059533176,0.027307894046682393,0.9847215648175991,0.015278435182400865,0.9654923489088909,0.9658642241554196,0.9669857459915918,0.9654923489088909,0.944663249296831,0.937558845470231,0.9534027032229643
"(0.5625, 0.4375) & 0.4125",0.9240305037927866,0.8862112893093497,0.9515086206896551,0.04849137931034482,0.8307160097037943,0.16928399029620567,0.966217885509165,0.9529827066207259,0.9871193707616799,0.9527051920766915,0.8613360091447282,0.13785837392139977,0.033640968193454315,0.9544567925517964,0.04554320744820352,0.9885740867570899,0.01142591324291009,0.9539844235881874,0.955185317569579,0.9588436772990996,0.9539844235881874,0.9286777584669228,0.9096450482304421,0.9529827066207259
"(0.425, 0.575) & 0.4",0.9239801049772067,0.9036879602835739,0.9384236453201971,0.06157635467980295,0.8730735505409061,0.12692644945909398,0.9685286142365638,0.9530295186999622,0.9879041745635555,0.952699903695645,0.8818147054471576,0.12160182944079327,0.0282753123138298,0.9676353920797273,0.03236460792027274,0.9856124249133973,0.014387575086602794,0.9622027328417135,0.962829919484633,0.9644717458885825,0.9622027328417135,0.9400836871480711,0.9293429877271516,0.9530295186999622
"(0.575, 0.425) & 0.5",0.9239430074702347,0.9035960626552249,0.9384236453201971,0.06157635467980295,0.8728927941449105,0.12710720585508956,0.966217885509165,0.9530254208767259,0.9871193707616799,0.9526798297086967,0.8817281007815059,0.13949282140848285,0.03421394481770906,0.9676271964332547,0.03237280356674532,0.9856288095441179,0.01437119045588206,0.9622027328417134,0.9628070629013125,0.9644280512717277,0.9622027328417134,0.940039685763358,0.9292608018445142,0.9530254208767259
"(0.45, 0.55) & 0.475",0.9237805797415286,0.9159673362312801,0.9296490147783252,0.07035098522167489,0.9053646597058292,0.09463534029417078,0.9681164122941894,0.9531866893980794,0.987796833799718,0.9525168664214698,0.8973635180541429,0.12434162958247931,0.02912310152096456,0.9767243640178337,0.023275635982166268,0.9838433416103456,0.01615665838965434,0.9679486330665646,0.9681237223133956,0.9690460240465479,0.9679486330665646,0.948075106334783,0.9446040006580875,0.9531866893980794
"(0.5625, 0.4375) & 0.45",0.9230250617978182,0.8895300876234762,0.947198275862069,0.05280172413793102,0.8399547534531053,0.16004524654689462,0.966217885509165,0.9523437288043626,0.9871193707616799,0.9520951712800956,0.8650241941042451,0.13785837392139977,0.033640968193454315,0.9574891817466562,0.04251081825334381,0.9875565524158281,0.012443447584171943,0.9556291604302927,0.9566843302392465,0.9597566173953603,0.9556291604302927,0.9308769817676068,0.9137556529344667,0.9523437288043626
"(0.4875, 0.5125) & 0.5",0.9230249032744784,0.9139716129468368,0.9296490147783252,0.07035098522167489,0.9010022118088985,0.09899778819110146,0.9672366272767388,0.9526826571400149,0.987511005582406,0.9520635245778188,0.8947092220598988,0.12862321523131648,0.030501272489300547,0.9757162995017047,0.024283700498295285,0.9837954729953748,0.016204527004625144,0.9671208184970281,0.9673412663683211,0.9682239756563433,0.9671208184970281,0.946818201357117,0.9423988424021368,0.9526826571400149
"(0.425, 0.575) & 0.4375",0.9227718854450622,0.9069141558707992,0.9341133004926109,0.06588669950738917,0.8832332100159813,0.1167667899840187,0.9685286142365638,0.9523905408835989,0.9879041745635555,0.9519597940372211,0.8858697695641744,0.12160182944079327,0.0282753123138298,0.970667781274587,0.029332218725413042,0.9846879659981738,0.015312034001826264,0.9638475408753022,0.9643009286673279,0.9656165611077488,0.9638475408753022,0.9422361039110343,0.9339605880070776,0.9523905408835989
"(0.4125, 0.5875) & 0.425",0.9227718854450622,0.9069141558707992,0.9341133004926109,0.06588669950738917,0.8832332100159813,0.1167667899840187,0.9684859266056256,0.9523905408835989,0.9879029331047918,0.9519597940372211,0.8858697695641744,0.12026510269004485,0.027872715141789184,0.970667781274587,0.029332218725413042,0.9846879659981738,0.015312034001826264,0.9638475408753022,0.9643009286673279,0.9656165611077488,0.9638475408753022,0.9422361039110343,0.9339605880070776,0.9523905408835989
"(0.4375, 0.5625) & 0.45",0.9227718854450622,0.9069141558707992,0.9341133004926109,0.06588669950738917,0.8832332100159813,0.1167667899840187,0.968375111927889,0.9523905408835989,0.9878691311096728,0.9519597940372211,0.8858697695641744,0.12296055157776221,0.02869210777355493,0.970667781274587,0.029332218725413042,0.9846879659981738,0.015312034001826264,0.9638475408753022,0.9643009286673279,0.9656165611077488,0.9638475408753022,0.9422361039110343,0.9339605880070776,0.9523905408835989
"(0.45, 0.55) & 0.4625",0.9227718854450622,0.9069141558707992,0.9341133004926109,0.06588669950738917,0.8832332100159813,0.1167667899840187,0.9681164122941894,0.9523905408835989,0.987796833799718,0.9519597940372211,0.8858697695641744,0.12434162958247931,0.02912310152096456,0.970667781274587,0.029332218725413042,0.9846879659981738,0.015312034001826264,0.9638475408753022,0.9643009286673279,0.9656165611077488,0.9638475408753022,0.9422361039110343,0.9339605880070776,0.9523905408835989
"(0.475, 0.525) & 0.4875",0.9222205274701025,0.9120590446408259,0.9296490147783252,0.07035098522167489,0.897473986002447,0.10252601399755307,0.967696386227877,0.9521786248819504,0.9876537733402322,0.9515611165124367,0.892396464197498,0.12717249717825133,0.03002768387883737,0.9747082349855757,0.025291765014424317,0.9837870053080696,0.016212994691930382,0.9663038250329758,0.9665585311319723,0.9675483642732523,0.9663038250329758,0.9456026671626316,0.9406304956552582,0.9521786248819504
"(0.5875, 0.4125) & 0.4625",0.9222096671468071,0.8875526864935327,0.947198275862069,0.05280172413793102,0.8361913125928904,0.1638086874071097,0.9660927464657835,0.9518355987230618,0.9870846099162962,0.9515907250397506,0.8626035302528122,0.1411568248851403,0.03480111972964833,0.9564729215840546,0.04352707841594544,0.9875480847285227,0.012451915271477182,0.95480679200924,0.9558874321670506,0.9590317403526973,0.95480679200924,0.9296289971611497,0.9118696986607066,0.9518355987230618
"(0.6, 0.4) & 0.475",0.9222096671468071,0.8875526864935327,0.947198275862069,0.05280172413793102,0.8361913125928904,0.1638086874071097,0.9657958309114638,0.9518355987230618,0.9870150882255286,0.9515907250397506,0.8626035302528122,0.14285144276500555,0.035402492929272104,0.9564729215840546,0.04352707841594544,0.9875480847285227,0.012451915271477182,0.95480679200924,0.9558874321670506,0.9590317403526973,0.95480679200924,0.9296289971611497,0.9118696986607066,0.9518355987230618
"(0.6125, 0.3875) & 0.475",0.9222096671468071,0.8875526864935327,0.947198275862069,0.05280172413793102,0.8361913125928904,0.1638086874071097,0.965609819006702,0.9518355987230618,0.9869787932197215,0.9515907250397506,0.8626035302528122,0.14457783079277575,0.0360180644165804,0.9564729215840546,0.04352707841594544,0.9875480847285227,0.012451915271477182,0.95480679200924,0.9558874321670506,0.9590317403526973,0.95480679200924,0.9296289971611497,0.9118696986607066,0.9518355987230618
"(0.6125, 0.3875) & 0.4875",0.9222096671468071,0.8875526864935327,0.947198275862069,0.05280172413793102,0.8361913125928904,0.1638086874071097,0.965609819006702,0.9518355987230618,0.9869787932197215,0.9515907250397506,0.8626035302528122,0.14457783079277575,0.0360180644165804,0.9564729215840546,0.04352707841594544,0.9875480847285227,0.012451915271477182,0.95480679200924,0.9558874321670506,0.9590317403526973,0.95480679200924,0.9296289971611497,0.9118696986607066,0.9518355987230618
"(0.4, 0.6) & 0.4125",0.9220227095385594,0.9050992738381314,0.9341133004926109,0.06588669950738917,0.8797849341539123,0.12021506584608765,0.9684859266056256,0.9518865086255344,0.9879029331047918,0.9514824433289676,0.8835998880778205,0.11895004958185472,0.027484316257433087,0.969659716758458,0.030340283241542074,0.9846546459928425,0.015345354007157475,0.9630251724542496,0.9635369768923772,0.9649541702867028,0.9630251724542496,0.941065340423419,0.9322197900733775,0.9518865086255344
"(0.4375, 0.5625) & 0.4375",0.9219888876821987,0.9051220411754588,0.9341133004926109,0.06588669950738917,0.8801137804259634,0.11988621957403653,0.968375111927889,0.9518865086255344,0.9878691311096728,0.9514531639439819,0.8837418794855886,0.12296055157776221,0.02869210777355493,0.9696597167584579,0.030340283241542074,0.9846792124967731,0.015320787503226824,0.9630305474112499,0.9635340930935079,0.9650182023346496,0.9630305474112499,0.941076520286632,0.9323964964613684,0.9518865086255344
"(0.45, 0.55) & 0.45",0.9219888876821987,0.9051220411754588,0.9341133004926109,0.06588669950738917,0.8801137804259634,0.11988621957403653,0.9681164122941894,0.9518865086255344,0.987796833799718,0.9514531639439819,0.8837418794855886,0.12434162958247931,0.02912310152096456,0.9696597167584579,0.030340283241542074,0.9846792124967731,0.015320787503226824,0.9630305474112499,0.9635340930935079,0.9650182023346496,0.9630305474112499,0.941076520286632,0.9323964964613684,0.9518865086255344
"(0.4625, 0.5375) & 0.4625",0.9219888876821987,0.9051220411754588,0.9341133004926109,0.06588669950738917,0.8801137804259634,0.11988621957403653,0.9678451957516865,0.9518865086255344,0.9877257779485271,0.9514531639439819,0.8837418794855886,0.12574546401006462,0.02956829355605871,0.9696597167584579,0.030340283241542074,0.9846792124967731,0.015320787503226824,0.9630305474112499,0.9635340930935079,0.9650182023346496,0.9630305474112499,0.941076520286632,0.9323964964613684,0.9518865086255344
"(0.475, 0.525) & 0.4625",0.9219888876821987,0.9051220411754588,0.9341133004926109,0.06588669950738917,0.8801137804259634,0.11988621957403653,0.967696386227877,0.9518865086255344,0.9876537733402322,0.9514531639439819,0.8837418794855886,0.12717249717825133,0.03002768387883737,0.9696597167584579,0.030340283241542074,0.9846792124967731,0.015320787503226824,0.9630305474112499,0.9635340930935079,0.9650182023346496,0.9630305474112499,0.941076520286632,0.9323964964613684,0.9518865086255344
"(0.475, 0.525) & 0.475",0.9219888876821987,0.9051220411754588,0.9341133004926109,0.06588669950738917,0.8801137804259634,0.11988621957403653,0.967696386227877,0.9518865086255344,0.9876537733402322,0.9514531639439819,0.8837418794855886,0.12717249717825133,0.03002768387883737,0.9696597167584579,0.030340283241542074,0.9846792124967731,0.015320787503226824,0.9630305474112499,0.9635340930935079,0.9650182023346496,0.9630305474112499,0.941076520286632,0.9323964964613684,0.9518865086255344
"(0.4875, 0.5125) & 0.475",0.9219888876821987,0.9051220411754588,0.9341133004926109,0.06588669950738917,0.8801137804259634,0.11988621957403653,0.9672366272767388,0.9518865086255344,0.987511005582406,0.9514531639439819,0.8837418794855886,0.12862321523131648,0.030501272489300547,0.9696597167584579,0.030340283241542074,0.9846792124967731,0.015320787503226824,0.9630305474112499,0.9635340930935079,0.9650182023346496,0.9630305474112499,0.941076520286632,0.9323964964613684,0.9518865086255344
"(0.525, 0.475) & 0.4875",0.9218369267589612,0.9048870787694436,0.9339593596059114,0.06604064039408868,0.8794980168791655,0.12050198312083456,0.9668393862830673,0.9518095381821847,0.9872599483036384,0.9513191632627354,0.8834016217830574,0.1331230525384448,0.03200722804679713,0.9696597167584579,0.030340283241542074,0.9846798778220409,0.01532012217795907,0.9630251012627661,0.9635068314009438,0.9648992471761239,0.9630251012627661,0.9409632288649531,0.9320889473506032,0.9518095381821847
"(0.5625, 0.4375) & 0.5",0.9218369267589612,0.9048870787694436,0.9339593596059114,0.06604064039408868,0.8794980168791655,0.12050198312083456,0.966217885509165,0.9518095381821847,0.9871193707616799,0.9513191632627354,0.8834016217830574,0.13785837392139977,0.033640968193454315,0.9696597167584579,0.030340283241542074,0.9846798778220409,0.01532012217795907,0.9630251012627661,0.9635068314009438,0.9648992471761239,0.9630251012627661,0.9409632288649531,0.9320889473506032,0.9518095381821847
"(0.55, 0.45) & 0.5",0.9218369267589612,0.9048870787694436,0.9339593596059114,0.06604064039408868,0.8794980168791655,0.12050198312083456,0.9661675248148163,0.9518095381821847,0.987118422004576,0.9513191632627354,0.8834016217830574,0.13625251183084916,0.033082189856884076,0.9696597167584579,0.030340283241542074,0.9846798778220409,0.01532012217795907,0.9630251012627661,0.9635068314009438,0.9648992471761239,0.9630251012627661,0.9409632288649531,0.9320889473506032,0.9518095381821847
"(0.5, 0.5) & 0.5",0.9214269486563895,0.9102081720866217,0.9296490147783252,0.07035098522167489,0.894159592063053,0.105840407936947,0.967282507976189,0.9516745926238859,0.9874759621285232,0.9510566106824573,0.8901796862692741,0.13009815060901808,0.030989059387448226,0.9737001704694467,0.026299829530553348,0.9837783964926426,0.01622160350735738,0.9654868315689236,0.9657840454166567,0.9669131687349819,0.9654868315689236,0.9444158558437095,0.9389689942778479,0.9516745926238859
"(0.4625, 0.5375) & 0.475",0.9206298300923839,0.9082356414028111,0.9296490147783252,0.07035098522167489,0.8902802817182254,0.10971971828177458,0.9678451957516865,0.9511664625425851,0.9877257779485271,0.9505612543080824,0.8877143063077336,0.12574546401006462,0.02956829355605871,0.972683910306845,0.02731608969315498,0.983761736489977,0.016238263510022985,0.9646644631478709,0.9649881316006397,0.966159555706509,0.9646644631478709,0.9431703404603242,0.9370210091041012,0.9511664625425851
"(0.5125, 0.4875) & 0.5",0.919873138971635,0.9064680054432293,0.9296490147783252,0.07035098522167489,0.8870719085047812,0.1129280914952188,0.9670047301984113,0.9506665281077569,0.9872959506077859,0.9500766079075657,0.885558106790731,0.13159788495862262,0.03149104457328042,0.9716840414371886,0.02831595856281141,0.9837373849267259,0.01626261507327406,0.9638474696838186,0.9642356145621929,0.9655575000203621,0.9638474696838186,0.942023145325473,0.9354046467157535,0.9506665281077569
"(0.4875, 0.5125) & 0.4875",0.9198468323295204,0.9064435267074706,0.9296490147783252,0.07035098522167489,0.8871608521282076,0.11283914787179242,0.9672366272767388,0.9506624302845206,0.987511005582406,0.9500546242148431,0.8855864162291478,0.12862321523131648,0.030501272489300547,0.971675845790716,0.02832415420928401,0.9837529829885765,0.016247017011423545,0.9638474696838186,0.9642212960268199,0.9655611969334097,0.9638474696838186,0.9420107568359218,0.935456917558392,0.9506624302845206
"(0.525, 0.475) & 0.5",0.9191132605521821,0.904588306195109,0.9296490147783252,0.07035098522167489,0.8833773272239931,0.11662267277600698,0.9668393862830673,0.9501624958496924,0.9872599483036384,0.949601258696233,0.883181217105538,0.1331230525384448,0.03200722804679713,0.9706759769210596,0.029324023078940442,0.9837046023408356,0.016295397659164435,0.963025101262766,0.9634631875432285,0.9648501755696222,0.963025101262766,0.9408220967984482,0.9335409647824142,0.9501624958496924
"(0.5375, 0.4625) & 0.5",0.9191132605521821,0.904588306195109,0.9296490147783252,0.07035098522167489,0.8833773272239931,0.11662267277600698,0.9666532167706436,0.9501624958496924,0.9872251874582547,0.949601258696233,0.883181217105538,0.13467434417267846,0.032537609807998344,0.9706759769210596,0.029324023078940442,0.9837046023408356,0.016295397659164435,0.963025101262766,0.9634631875432285,0.9648501755696222,0.963025101262766,0.9408220967984482,0.9335409647824142,0.9501624958496924
"(0.5, 0.5) & 0.4875",0.9183161419881765,0.9026157755112983,0.9296490147783252,0.07035098522167489,0.8794980168791655,0.12050198312083456,0.967282507976189,0.9496543657683916,0.9874759621285232,0.949105902321858,0.8807158371439974,0.13009815060901808,0.030989059387448226,0.9696597167584579,0.030340283241542074,0.9836879423381699,0.01631205766183004,0.9622027328417134,0.9626672737272114,0.9640965625411493,0.9622027328417134,0.9395765814150628,0.9315929796086677,0.9496543657683916
"(0.5125, 0.4875) & 0.4875",0.9183161419881765,0.9026157755112983,0.9296490147783252,0.07035098522167489,0.8794980168791655,0.12050198312083456,0.9670047301984113,0.9496543657683916,0.9872959506077859,0.949105902321858,0.8807158371439974,0.13159788495862262,0.03149104457328042,0.9696597167584579,0.030340283241542074,0.9836879423381699,0.01631205766183004,0.9622027328417134,0.9626672737272114,0.9640965625411493,0.9622027328417134,0.9395765814150628,0.9315929796086677,0.9496543657683916
