BERT-Base Model,T&A Link,F2-PPS,F1-PPS,TPR,FNR,PPV,FDR,AUC-PR,BA,AUC-ROC,G-Mean,MCC,Log-Loss,BS,TNR,FPR,NPV,FOR,Accuracy,Weighted F1-Score,Weighted Precision,Weighted Recall,Macro F1-Score,Macro Precision,Macro Recall
BioLinkBERT-base,vector-concatenation-hidden-states,0.895 ± 0.002,0.908 ± 0.002,0.888 ± 0.002,0.112 ± 0.002,0.932 ± 0.003,0.068 ± 0.003,0.965 ± 0.001,0.936 ± 0.001,0.988 ± 0.0,0.934 ± 0.001,0.889 ± 0.002,0.101 ± 0.002,0.028 ± 0.0,0.984 ± 0.001,0.016 ± 0.001,0.974 ± 0.0,0.026 ± 0.0,0.966 ± 0.001,0.966 ± 0.001,0.966 ± 0.001,0.966 ± 0.001,0.943 ± 0.001,0.953 ± 0.001,0.936 ± 0.001
BioLinkBERT-base,vector-weighted-average-3070-hidden-states,0.889 ± 0.002,0.896 ± 0.001,0.886 ± 0.002,0.114 ± 0.002,0.91 ± 0.003,0.09 ± 0.003,0.956 ± 0.001,0.932 ± 0.001,0.984 ± 0.0,0.931 ± 0.001,0.874 ± 0.002,0.115 ± 0.001,0.031 ± 0.0,0.979 ± 0.001,0.021 ± 0.001,0.974 ± 0.0,0.026 ± 0.0,0.962 ± 0.001,0.961 ± 0.001,0.962 ± 0.0,0.962 ± 0.001,0.936 ± 0.001,0.942 ± 0.001,0.932 ± 0.001
BioLinkBERT-base,vector-weighted-average-4060-hidden-states,0.888 ± 0.002,0.897 ± 0.002,0.882 ± 0.001,0.118 ± 0.001,0.916 ± 0.004,0.084 ± 0.004,0.955 ± 0.001,0.931 ± 0.001,0.983 ± 0.0,0.929 ± 0.001,0.875 ± 0.003,0.115 ± 0.001,0.031 ± 0.0,0.981 ± 0.001,0.019 ± 0.001,0.973 ± 0.0,0.027 ± 0.0,0.962 ± 0.001,0.962 ± 0.001,0.962 ± 0.001,0.962 ± 0.001,0.937 ± 0.001,0.945 ± 0.002,0.931 ± 0.001
pubmedbert-base-embeddings,vector-concatenation-classification-token,0.886 ± 0.001,0.895 ± 0.001,0.881 ± 0.001,0.119 ± 0.001,0.914 ± 0.003,0.086 ± 0.003,0.952 ± 0.001,0.93 ± 0.001,0.983 ± 0.0,0.928 ± 0.001,0.873 ± 0.001,0.118 ± 0.001,0.031 ± 0.0,0.98 ± 0.001,0.02 ± 0.001,0.973 ± 0.0,0.027 ± 0.0,0.961 ± 0.0,0.961 ± 0.0,0.962 ± 0.0,0.961 ± 0.0,0.935 ± 0.0,0.943 ± 0.001,0.93 ± 0.001
BioLinkBERT-base,vector-average-hidden-states,0.885 ± 0.003,0.892 ± 0.003,0.88 ± 0.003,0.12 ± 0.003,0.908 ± 0.003,0.092 ± 0.003,0.953 ± 0.001,0.93 ± 0.002,0.983 ± 0.0,0.928 ± 0.002,0.869 ± 0.003,0.118 ± 0.001,0.032 ± 0.0,0.979 ± 0.001,0.021 ± 0.001,0.973 ± 0.001,0.027 ± 0.001,0.96 ± 0.001,0.96 ± 0.001,0.96 ± 0.001,0.96 ± 0.001,0.934 ± 0.002,0.94 ± 0.002,0.93 ± 0.002
BioLinkBERT-base,vector-sum-hidden-states,0.885 ± 0.003,0.892 ± 0.003,0.88 ± 0.003,0.12 ± 0.003,0.908 ± 0.003,0.092 ± 0.003,0.953 ± 0.001,0.93 ± 0.002,0.983 ± 0.0,0.928 ± 0.002,0.869 ± 0.003,0.118 ± 0.001,0.032 ± 0.0,0.979 ± 0.001,0.021 ± 0.001,0.973 ± 0.001,0.027 ± 0.001,0.96 ± 0.001,0.96 ± 0.001,0.96 ± 0.001,0.96 ± 0.001,0.934 ± 0.002,0.94 ± 0.002,0.93 ± 0.002
BioLinkBERT-base,vector-weighted-average-2080-hidden-states,0.883 ± 0.001,0.889 ± 0.001,0.88 ± 0.002,0.12 ± 0.002,0.903 ± 0.004,0.097 ± 0.004,0.955 ± 0.001,0.929 ± 0.001,0.984 ± 0.0,0.927 ± 0.001,0.866 ± 0.001,0.117 ± 0.001,0.032 ± 0.0,0.977 ± 0.001,0.023 ± 0.001,0.972 ± 0.0,0.028 ± 0.0,0.959 ± 0.001,0.959 ± 0.0,0.959 ± 0.0,0.959 ± 0.001,0.932 ± 0.001,0.938 ± 0.002,0.929 ± 0.001
pubmedbert-base-embeddings,vector-weighted-average-4060-classification-token,0.882 ± 0.002,0.887 ± 0.001,0.88 ± 0.002,0.12 ± 0.002,0.9 ± 0.002,0.1 ± 0.002,0.95 ± 0.002,0.928 ± 0.001,0.982 ± 0.001,0.926 ± 0.001,0.863 ± 0.001,0.124 ± 0.002,0.034 ± 0.0,0.977 ± 0.001,0.023 ± 0.001,0.973 ± 0.001,0.027 ± 0.001,0.958 ± 0.0,0.958 ± 0.0,0.959 ± 0.0,0.958 ± 0.0,0.931 ± 0.001,0.936 ± 0.001,0.928 ± 0.001
pubmedbert-base-embeddings,vector-average-classification-token,0.882 ± 0.001,0.882 ± 0.001,0.882 ± 0.001,0.118 ± 0.001,0.887 ± 0.002,0.113 ± 0.002,0.948 ± 0.001,0.928 ± 0.001,0.98 ± 0.001,0.926 ± 0.001,0.857 ± 0.001,0.127 ± 0.002,0.034 ± 0.0,0.973 ± 0.0,0.027 ± 0.0,0.973 ± 0.0,0.027 ± 0.0,0.956 ± 0.0,0.956 ± 0.0,0.957 ± 0.0,0.956 ± 0.0,0.928 ± 0.001,0.93 ± 0.001,0.928 ± 0.001
pubmedbert-base-embeddings,vector-sum-classification-token,0.882 ± 0.001,0.882 ± 0.001,0.882 ± 0.001,0.118 ± 0.001,0.887 ± 0.002,0.113 ± 0.002,0.948 ± 0.001,0.928 ± 0.001,0.98 ± 0.001,0.926 ± 0.001,0.857 ± 0.001,0.127 ± 0.002,0.034 ± 0.0,0.973 ± 0.0,0.027 ± 0.0,0.973 ± 0.0,0.027 ± 0.0,0.956 ± 0.0,0.956 ± 0.0,0.957 ± 0.0,0.956 ± 0.0,0.928 ± 0.001,0.93 ± 0.001,0.928 ± 0.001
BiomedNLP-BiomedBERT-base-uncased-abstract,vector-weighted-average-2080-hidden-states,0.881 ± 0.001,0.888 ± 0.001,0.877 ± 0.001,0.123 ± 0.001,0.905 ± 0.003,0.095 ± 0.003,0.953 ± 0.001,0.927 ± 0.001,0.986 ± 0.0,0.925 ± 0.0,0.865 ± 0.002,0.115 ± 0.001,0.032 ± 0.0,0.978 ± 0.001,0.022 ± 0.001,0.972 ± 0.0,0.028 ± 0.0,0.959 ± 0.001,0.958 ± 0.001,0.959 ± 0.001,0.959 ± 0.001,0.932 ± 0.001,0.939 ± 0.002,0.927 ± 0.001
BioLinkBERT-base,abstract-text-hidden-states,0.88 ± 0.001,0.877 ± 0.001,0.882 ± 0.002,0.118 ± 0.002,0.875 ± 0.003,0.125 ± 0.003,0.948 ± 0.001,0.926 ± 0.001,0.98 ± 0.0,0.925 ± 0.001,0.85 ± 0.002,0.126 ± 0.001,0.035 ± 0.0,0.97 ± 0.001,0.03 ± 0.001,0.973 ± 0.0,0.027 ± 0.0,0.954 ± 0.001,0.954 ± 0.001,0.954 ± 0.001,0.954 ± 0.001,0.924 ± 0.001,0.924 ± 0.001,0.926 ± 0.001
BioLinkBERT-base,text-concatenation-hidden-states,0.877 ± 0.001,0.872 ± 0.001,0.882 ± 0.002,0.118 ± 0.002,0.868 ± 0.003,0.132 ± 0.003,0.951 ± 0.001,0.925 ± 0.001,0.982 ± 0.0,0.923 ± 0.001,0.845 ± 0.001,0.124 ± 0.001,0.035 ± 0.0,0.968 ± 0.001,0.032 ± 0.001,0.973 ± 0.0,0.027 ± 0.0,0.952 ± 0.0,0.952 ± 0.0,0.953 ± 0.0,0.952 ± 0.0,0.921 ± 0.001,0.921 ± 0.001,0.925 ± 0.001
BioLinkBERT-base,vector-weighted-average-1090-hidden-states,0.876 ± 0.001,0.874 ± 0.003,0.878 ± 0.001,0.122 ± 0.001,0.873 ± 0.005,0.127 ± 0.005,0.944 ± 0.001,0.924 ± 0.001,0.98 ± 0.0,0.922 ± 0.001,0.846 ± 0.003,0.129 ± 0.001,0.036 ± 0.0,0.969 ± 0.001,0.031 ± 0.001,0.972 ± 0.0,0.028 ± 0.0,0.952 ± 0.001,0.952 ± 0.001,0.953 ± 0.001,0.952 ± 0.001,0.922 ± 0.002,0.923 ± 0.003,0.924 ± 0.001
BiomedNLP-BiomedBERT-base-uncased-abstract,vector-weighted-average-1090-hidden-states,0.875 ± 0.002,0.879 ± 0.002,0.874 ± 0.002,0.126 ± 0.002,0.891 ± 0.005,0.109 ± 0.005,0.945 ± 0.001,0.924 ± 0.001,0.983 ± 0.0,0.922 ± 0.001,0.854 ± 0.003,0.126 ± 0.001,0.035 ± 0.0,0.974 ± 0.001,0.026 ± 0.001,0.971 ± 0.0,0.029 ± 0.0,0.955 ± 0.001,0.955 ± 0.001,0.956 ± 0.001,0.955 ± 0.001,0.926 ± 0.002,0.931 ± 0.002,0.924 ± 0.001
pubmedbert-base-embeddings,vector-weighted-average-3070-classification-token,0.875 ± 0.001,0.879 ± 0.001,0.873 ± 0.002,0.127 ± 0.002,0.889 ± 0.002,0.111 ± 0.002,0.947 ± 0.002,0.924 ± 0.001,0.982 ± 0.001,0.921 ± 0.001,0.853 ± 0.001,0.126 ± 0.002,0.035 ± 0.0,0.974 ± 0.001,0.026 ± 0.001,0.971 ± 0.0,0.029 ± 0.0,0.955 ± 0.0,0.955 ± 0.0,0.955 ± 0.0,0.955 ± 0.0,0.926 ± 0.001,0.93 ± 0.001,0.924 ± 0.001
BiomedNLP-BiomedBERT-base-uncased-abstract,text-concatenation-hidden-states,0.872 ± 0.003,0.88 ± 0.003,0.867 ± 0.003,0.133 ± 0.003,0.9 ± 0.003,0.1 ± 0.003,0.948 ± 0.002,0.922 ± 0.002,0.983 ± 0.001,0.919 ± 0.002,0.856 ± 0.003,0.122 ± 0.002,0.034 ± 0.001,0.977 ± 0.001,0.023 ± 0.001,0.97 ± 0.001,0.03 ± 0.001,0.956 ± 0.001,0.956 ± 0.001,0.957 ± 0.001,0.956 ± 0.001,0.927 ± 0.002,0.935 ± 0.002,0.922 ± 0.002
S-PubMedBert-MS-MARCO,vector-concatenation-hidden-states,0.871 ± 0.002,0.881 ± 0.001,0.865 ± 0.003,0.135 ± 0.003,0.902 ± 0.003,0.098 ± 0.003,0.951 ± 0.001,0.921 ± 0.001,0.981 ± 0.0,0.919 ± 0.001,0.856 ± 0.002,0.125 ± 0.001,0.034 ± 0.0,0.978 ± 0.001,0.022 ± 0.001,0.969 ± 0.001,0.031 ± 0.001,0.956 ± 0.0,0.956 ± 0.0,0.957 ± 0.0,0.956 ± 0.0,0.927 ± 0.001,0.936 ± 0.001,0.921 ± 0.001
pubmedbert-base-embeddings,vector-weighted-average-2080-classification-token,0.871 ± 0.001,0.868 ± 0.001,0.873 ± 0.001,0.127 ± 0.001,0.865 ± 0.003,0.135 ± 0.003,0.936 ± 0.002,0.92 ± 0.001,0.979 ± 0.001,0.919 ± 0.001,0.838 ± 0.002,0.137 ± 0.002,0.039 ± 0.001,0.968 ± 0.001,0.032 ± 0.001,0.971 ± 0.0,0.029 ± 0.0,0.95 ± 0.001,0.95 ± 0.001,0.951 ± 0.001,0.95 ± 0.001,0.918 ± 0.001,0.918 ± 0.001,0.92 ± 0.001
BiomedNLP-BiomedBERT-base-uncased-abstract,vector-weighted-average-3070-hidden-states,0.87 ± 0.001,0.881 ± 0.002,0.864 ± 0.001,0.136 ± 0.001,0.904 ± 0.004,0.096 ± 0.004,0.953 ± 0.001,0.921 ± 0.001,0.986 ± 0.0,0.918 ± 0.001,0.856 ± 0.003,0.117 ± 0.001,0.032 ± 0.0,0.978 ± 0.001,0.022 ± 0.001,0.969 ± 0.0,0.031 ± 0.0,0.956 ± 0.001,0.956 ± 0.001,0.957 ± 0.001,0.956 ± 0.001,0.927 ± 0.001,0.936 ± 0.002,0.921 ± 0.001
pubmedbert-base-embeddings,text-concatenation-hidden-states,0.869 ± 0.002,0.872 ± 0.002,0.868 ± 0.002,0.132 ± 0.002,0.881 ± 0.003,0.119 ± 0.003,0.945 ± 0.001,0.92 ± 0.001,0.981 ± 0.0,0.918 ± 0.001,0.845 ± 0.003,0.129 ± 0.001,0.036 ± 0.0,0.972 ± 0.001,0.028 ± 0.001,0.97 ± 0.001,0.03 ± 0.001,0.953 ± 0.001,0.952 ± 0.001,0.953 ± 0.001,0.953 ± 0.001,0.922 ± 0.001,0.925 ± 0.002,0.92 ± 0.001
BiomedNLP-BiomedBERT-base-uncased-abstract,vector-weighted-average-4060-hidden-states,0.868 ± 0.002,0.882 ± 0.002,0.86 ± 0.002,0.14 ± 0.002,0.91 ± 0.003,0.09 ± 0.003,0.95 ± 0.001,0.92 ± 0.001,0.985 ± 0.0,0.917 ± 0.001,0.858 ± 0.002,0.121 ± 0.001,0.033 ± 0.0,0.98 ± 0.001,0.02 ± 0.001,0.968 ± 0.0,0.032 ± 0.0,0.957 ± 0.001,0.956 ± 0.001,0.957 ± 0.001,0.957 ± 0.001,0.928 ± 0.001,0.939 ± 0.002,0.92 ± 0.001
S-PubMedBert-MS-MARCO,text-concatenation-hidden-states,0.867 ± 0.003,0.871 ± 0.004,0.865 ± 0.003,0.135 ± 0.003,0.88 ± 0.006,0.12 ± 0.006,0.946 ± 0.003,0.919 ± 0.002,0.981 ± 0.001,0.917 ± 0.002,0.842 ± 0.005,0.128 ± 0.003,0.036 ± 0.001,0.972 ± 0.002,0.028 ± 0.002,0.969 ± 0.001,0.031 ± 0.001,0.952 ± 0.002,0.952 ± 0.002,0.952 ± 0.002,0.952 ± 0.002,0.921 ± 0.002,0.924 ± 0.003,0.919 ± 0.002
BiomedNLP-BiomedBERT-base-uncased-abstract,vector-concatenation-hidden-states,0.867 ± 0.002,0.877 ± 0.001,0.861 ± 0.003,0.139 ± 0.003,0.9 ± 0.002,0.1 ± 0.002,0.954 ± 0.001,0.919 ± 0.001,0.987 ± 0.0,0.916 ± 0.001,0.852 ± 0.001,0.116 ± 0.001,0.033 ± 0.0,0.977 ± 0.0,0.023 ± 0.0,0.968 ± 0.001,0.032 ± 0.001,0.955 ± 0.0,0.955 ± 0.0,0.955 ± 0.0,0.955 ± 0.0,0.925 ± 0.001,0.934 ± 0.001,0.919 ± 0.001
BiomedNLP-BiomedBERT-base-uncased-abstract,abstract-text-hidden-states,0.865 ± 0.002,0.875 ± 0.002,0.859 ± 0.002,0.141 ± 0.002,0.896 ± 0.003,0.104 ± 0.003,0.936 ± 0.002,0.917 ± 0.001,0.978 ± 0.001,0.915 ± 0.001,0.848 ± 0.002,0.135 ± 0.002,0.037 ± 0.001,0.976 ± 0.001,0.024 ± 0.001,0.968 ± 0.0,0.032 ± 0.0,0.954 ± 0.001,0.953 ± 0.001,0.954 ± 0.001,0.954 ± 0.001,0.923 ± 0.001,0.932 ± 0.002,0.917 ± 0.001
S-PubMedBert-MS-MARCO,vector-weighted-average-3070-hidden-states,0.864 ± 0.002,0.857 ± 0.002,0.87 ± 0.002,0.13 ± 0.002,0.849 ± 0.003,0.151 ± 0.003,0.941 ± 0.002,0.916 ± 0.001,0.978 ± 0.001,0.914 ± 0.001,0.825 ± 0.003,0.137 ± 0.002,0.039 ± 0.0,0.963 ± 0.001,0.037 ± 0.001,0.97 ± 0.0,0.03 ± 0.0,0.945 ± 0.001,0.946 ± 0.001,0.947 ± 0.001,0.945 ± 0.001,0.912 ± 0.001,0.909 ± 0.002,0.916 ± 0.001
BioLinkBERT-base,vector-concatenation-classification-token,0.863 ± 0.002,0.868 ± 0.002,0.861 ± 0.002,0.139 ± 0.002,0.881 ± 0.002,0.119 ± 0.002,0.937 ± 0.001,0.916 ± 0.001,0.98 ± 0.0,0.914 ± 0.001,0.84 ± 0.002,0.139 ± 0.001,0.037 ± 0.0,0.972 ± 0.0,0.028 ± 0.0,0.968 ± 0.0,0.032 ± 0.0,0.951 ± 0.001,0.951 ± 0.001,0.952 ± 0.001,0.951 ± 0.001,0.919 ± 0.001,0.925 ± 0.001,0.916 ± 0.001
BiomedNLP-BiomedBERT-base-uncased-abstract,vector-average-hidden-states,0.863 ± 0.001,0.876 ± 0.001,0.856 ± 0.002,0.144 ± 0.002,0.902 ± 0.003,0.098 ± 0.003,0.945 ± 0.001,0.917 ± 0.001,0.984 ± 0.0,0.914 ± 0.001,0.851 ± 0.001,0.126 ± 0.001,0.034 ± 0.0,0.978 ± 0.001,0.022 ± 0.001,0.967 ± 0.0,0.033 ± 0.0,0.955 ± 0.0,0.954 ± 0.0,0.955 ± 0.0,0.955 ± 0.0,0.924 ± 0.0,0.935 ± 0.001,0.917 ± 0.001
BiomedNLP-BiomedBERT-base-uncased-abstract,vector-sum-hidden-states,0.863 ± 0.001,0.876 ± 0.001,0.856 ± 0.002,0.144 ± 0.002,0.902 ± 0.003,0.098 ± 0.003,0.945 ± 0.001,0.917 ± 0.001,0.984 ± 0.0,0.914 ± 0.001,0.851 ± 0.001,0.126 ± 0.001,0.034 ± 0.0,0.978 ± 0.001,0.022 ± 0.001,0.967 ± 0.0,0.033 ± 0.0,0.955 ± 0.0,0.954 ± 0.0,0.955 ± 0.0,0.955 ± 0.0,0.924 ± 0.0,0.935 ± 0.001,0.917 ± 0.001
pubmedbert-base-embeddings,abstract-text-classification-token,0.863 ± 0.001,0.869 ± 0.001,0.859 ± 0.002,0.141 ± 0.002,0.884 ± 0.003,0.116 ± 0.003,0.936 ± 0.001,0.916 ± 0.001,0.979 ± 0.0,0.914 ± 0.001,0.841 ± 0.002,0.137 ± 0.001,0.038 ± 0.0,0.973 ± 0.001,0.027 ± 0.001,0.968 ± 0.0,0.032 ± 0.0,0.952 ± 0.001,0.951 ± 0.001,0.952 ± 0.001,0.952 ± 0.001,0.92 ± 0.001,0.926 ± 0.002,0.916 ± 0.001
pubmedbert-base-embeddings,abstract-text-hidden-states,0.862 ± 0.002,0.862 ± 0.002,0.863 ± 0.002,0.137 ± 0.002,0.865 ± 0.003,0.135 ± 0.003,0.935 ± 0.001,0.916 ± 0.001,0.98 ± 0.0,0.913 ± 0.001,0.832 ± 0.003,0.139 ± 0.001,0.039 ± 0.0,0.968 ± 0.001,0.032 ± 0.001,0.969 ± 0.0,0.031 ± 0.0,0.948 ± 0.001,0.948 ± 0.001,0.949 ± 0.001,0.948 ± 0.001,0.915 ± 0.001,0.917 ± 0.002,0.916 ± 0.001
SapBERT-from-PubMedBERT-fulltext,vector-concatenation-hidden-states,0.861 ± 0.002,0.868 ± 0.001,0.858 ± 0.002,0.142 ± 0.002,0.884 ± 0.002,0.116 ± 0.002,0.943 ± 0.001,0.915 ± 0.001,0.979 ± 0.001,0.913 ± 0.001,0.84 ± 0.001,0.131 ± 0.002,0.036 ± 0.0,0.973 ± 0.0,0.027 ± 0.0,0.968 ± 0.0,0.032 ± 0.0,0.951 ± 0.0,0.951 ± 0.0,0.952 ± 0.0,0.951 ± 0.0,0.919 ± 0.001,0.926 ± 0.001,0.915 ± 0.001
BioLinkBERT-base,vector-average-classification-token,0.861 ± 0.001,0.863 ± 0.001,0.861 ± 0.0,0.139 ± 0.0,0.869 ± 0.003,0.131 ± 0.003,0.936 ± 0.001,0.915 ± 0.0,0.981 ± 0.0,0.913 ± 0.0,0.833 ± 0.002,0.135 ± 0.001,0.039 ± 0.0,0.969 ± 0.001,0.031 ± 0.001,0.968 ± 0.0,0.032 ± 0.0,0.949 ± 0.001,0.949 ± 0.0,0.949 ± 0.001,0.949 ± 0.001,0.916 ± 0.001,0.919 ± 0.001,0.915 ± 0.0
BioLinkBERT-base,vector-sum-classification-token,0.861 ± 0.001,0.863 ± 0.001,0.861 ± 0.0,0.139 ± 0.0,0.869 ± 0.003,0.131 ± 0.003,0.936 ± 0.001,0.915 ± 0.0,0.981 ± 0.0,0.913 ± 0.0,0.833 ± 0.002,0.135 ± 0.001,0.039 ± 0.0,0.969 ± 0.001,0.031 ± 0.001,0.968 ± 0.0,0.032 ± 0.0,0.949 ± 0.001,0.949 ± 0.0,0.949 ± 0.001,0.949 ± 0.001,0.916 ± 0.001,0.919 ± 0.001,0.915 ± 0.0
pubmedbert-base-embeddings,vector-weighted-average-4060-hidden-states,0.861 ± 0.002,0.867 ± 0.002,0.858 ± 0.003,0.142 ± 0.003,0.882 ± 0.003,0.118 ± 0.003,0.937 ± 0.001,0.915 ± 0.001,0.976 ± 0.0,0.912 ± 0.001,0.839 ± 0.002,0.14 ± 0.001,0.038 ± 0.0,0.972 ± 0.001,0.028 ± 0.001,0.968 ± 0.001,0.032 ± 0.001,0.951 ± 0.001,0.95 ± 0.001,0.951 ± 0.001,0.951 ± 0.001,0.918 ± 0.001,0.925 ± 0.001,0.915 ± 0.001
S-PubMedBert-MS-MARCO,vector-weighted-average-2080-hidden-states,0.861 ± 0.001,0.854 ± 0.002,0.867 ± 0.001,0.133 ± 0.001,0.845 ± 0.004,0.155 ± 0.004,0.936 ± 0.002,0.914 ± 0.001,0.976 ± 0.001,0.913 ± 0.001,0.821 ± 0.002,0.143 ± 0.002,0.04 ± 0.001,0.962 ± 0.001,0.038 ± 0.001,0.969 ± 0.0,0.031 ± 0.0,0.944 ± 0.001,0.944 ± 0.001,0.946 ± 0.001,0.944 ± 0.001,0.909 ± 0.001,0.907 ± 0.002,0.914 ± 0.001
pubmedbert-base-embeddings,vector-concatenation-hidden-states,0.861 ± 0.001,0.873 ± 0.001,0.854 ± 0.001,0.146 ± 0.001,0.9 ± 0.001,0.1 ± 0.001,0.946 ± 0.001,0.915 ± 0.001,0.982 ± 0.0,0.912 ± 0.001,0.847 ± 0.001,0.129 ± 0.001,0.036 ± 0.0,0.977 ± 0.0,0.023 ± 0.0,0.967 ± 0.0,0.033 ± 0.0,0.954 ± 0.0,0.953 ± 0.0,0.954 ± 0.0,0.954 ± 0.0,0.922 ± 0.001,0.934 ± 0.001,0.915 ± 0.001
pubmedbert-base-embeddings,vector-average-hidden-states,0.86 ± 0.002,0.867 ± 0.001,0.856 ± 0.003,0.144 ± 0.003,0.883 ± 0.002,0.117 ± 0.002,0.937 ± 0.0,0.914 ± 0.001,0.975 ± 0.0,0.912 ± 0.001,0.839 ± 0.001,0.144 ± 0.001,0.039 ± 0.0,0.973 ± 0.001,0.027 ± 0.001,0.967 ± 0.001,0.033 ± 0.001,0.951 ± 0.0,0.95 ± 0.0,0.951 ± 0.001,0.951 ± 0.0,0.918 ± 0.001,0.925 ± 0.001,0.914 ± 0.001
pubmedbert-base-embeddings,vector-sum-hidden-states,0.86 ± 0.002,0.867 ± 0.001,0.856 ± 0.003,0.144 ± 0.003,0.883 ± 0.002,0.117 ± 0.002,0.937 ± 0.0,0.914 ± 0.001,0.975 ± 0.0,0.912 ± 0.001,0.839 ± 0.001,0.144 ± 0.001,0.039 ± 0.0,0.973 ± 0.001,0.027 ± 0.001,0.967 ± 0.001,0.033 ± 0.001,0.951 ± 0.0,0.95 ± 0.0,0.951 ± 0.001,0.951 ± 0.0,0.918 ± 0.001,0.925 ± 0.001,0.914 ± 0.001
BiomedNLP-BiomedBERT-base-uncased-abstract,vector-average-classification-token,0.86 ± 0.001,0.858 ± 0.001,0.862 ± 0.002,0.138 ± 0.002,0.859 ± 0.003,0.141 ± 0.003,0.927 ± 0.002,0.914 ± 0.001,0.978 ± 0.0,0.912 ± 0.001,0.827 ± 0.002,0.156 ± 0.002,0.039 ± 0.0,0.966 ± 0.001,0.034 ± 0.001,0.968 ± 0.0,0.032 ± 0.0,0.946 ± 0.0,0.946 ± 0.0,0.948 ± 0.001,0.946 ± 0.0,0.912 ± 0.001,0.913 ± 0.001,0.914 ± 0.001
BiomedNLP-BiomedBERT-base-uncased-abstract,vector-sum-classification-token,0.86 ± 0.001,0.858 ± 0.001,0.862 ± 0.002,0.138 ± 0.002,0.859 ± 0.003,0.141 ± 0.003,0.927 ± 0.002,0.914 ± 0.001,0.978 ± 0.0,0.912 ± 0.001,0.827 ± 0.002,0.156 ± 0.002,0.039 ± 0.0,0.966 ± 0.001,0.034 ± 0.001,0.968 ± 0.0,0.032 ± 0.0,0.946 ± 0.0,0.946 ± 0.0,0.948 ± 0.001,0.946 ± 0.0,0.912 ± 0.001,0.913 ± 0.001,0.914 ± 0.001
all-mpnet-base-v2,vector-concatenation-hidden-states,0.86 ± 0.002,0.866 ± 0.002,0.856 ± 0.003,0.144 ± 0.003,0.879 ± 0.003,0.121 ± 0.003,0.934 ± 0.001,0.914 ± 0.001,0.974 ± 0.0,0.912 ± 0.001,0.837 ± 0.002,0.141 ± 0.001,0.038 ± 0.0,0.972 ± 0.001,0.028 ± 0.001,0.967 ± 0.001,0.033 ± 0.001,0.95 ± 0.001,0.95 ± 0.001,0.95 ± 0.001,0.95 ± 0.001,0.918 ± 0.001,0.923 ± 0.001,0.914 ± 0.001
S-PubMedBert-MS-MARCO,vector-weighted-average-4060-hidden-states,0.858 ± 0.001,0.852 ± 0.001,0.862 ± 0.001,0.138 ± 0.001,0.847 ± 0.002,0.153 ± 0.002,0.937 ± 0.001,0.912 ± 0.001,0.977 ± 0.0,0.91 ± 0.001,0.819 ± 0.001,0.141 ± 0.001,0.04 ± 0.0,0.962 ± 0.0,0.038 ± 0.0,0.968 ± 0.0,0.032 ± 0.0,0.943 ± 0.0,0.944 ± 0.0,0.945 ± 0.0,0.943 ± 0.0,0.908 ± 0.001,0.907 ± 0.001,0.912 ± 0.001
scibert-scivocab-uncased,vector-weighted-average-3070-hidden-states,0.857 ± 0.002,0.861 ± 0.002,0.856 ± 0.002,0.144 ± 0.002,0.87 ± 0.003,0.13 ± 0.003,0.931 ± 0.001,0.913 ± 0.001,0.974 ± 0.0,0.91 ± 0.001,0.831 ± 0.003,0.145 ± 0.001,0.04 ± 0.0,0.969 ± 0.001,0.031 ± 0.001,0.967 ± 0.0,0.033 ± 0.0,0.948 ± 0.001,0.948 ± 0.001,0.949 ± 0.001,0.948 ± 0.001,0.914 ± 0.001,0.919 ± 0.002,0.913 ± 0.001
biobert-base-cased-v1.2,vector-concatenation-hidden-states,0.857 ± 0.001,0.87 ± 0.002,0.85 ± 0.002,0.15 ± 0.002,0.896 ± 0.005,0.104 ± 0.005,0.931 ± 0.002,0.913 ± 0.001,0.976 ± 0.0,0.91 ± 0.001,0.843 ± 0.003,0.145 ± 0.001,0.039 ± 0.001,0.976 ± 0.001,0.024 ± 0.001,0.966 ± 0.0,0.034 ± 0.0,0.952 ± 0.001,0.952 ± 0.001,0.953 ± 0.001,0.952 ± 0.001,0.92 ± 0.001,0.931 ± 0.002,0.913 ± 0.001
scibert-scivocab-uncased,text-concatenation-hidden-states,0.856 ± 0.002,0.857 ± 0.002,0.857 ± 0.002,0.143 ± 0.002,0.863 ± 0.003,0.137 ± 0.003,0.925 ± 0.001,0.912 ± 0.001,0.976 ± 0.001,0.91 ± 0.001,0.826 ± 0.002,0.148 ± 0.001,0.041 ± 0.0,0.966 ± 0.001,0.034 ± 0.001,0.967 ± 0.0,0.033 ± 0.0,0.946 ± 0.001,0.946 ± 0.001,0.947 ± 0.001,0.946 ± 0.001,0.912 ± 0.001,0.915 ± 0.002,0.912 ± 0.001
pubmedbert-base-embeddings,vector-weighted-average-3070-hidden-states,0.856 ± 0.002,0.861 ± 0.003,0.853 ± 0.002,0.147 ± 0.002,0.873 ± 0.004,0.127 ± 0.004,0.936 ± 0.001,0.912 ± 0.001,0.977 ± 0.0,0.909 ± 0.001,0.831 ± 0.003,0.139 ± 0.001,0.039 ± 0.0,0.97 ± 0.001,0.03 ± 0.001,0.966 ± 0.001,0.034 ± 0.001,0.948 ± 0.001,0.948 ± 0.001,0.949 ± 0.001,0.948 ± 0.001,0.914 ± 0.002,0.92 ± 0.002,0.912 ± 0.001
pubmedbert-base-embeddings,text-concatenation-classification-token,0.855 ± 0.001,0.86 ± 0.001,0.853 ± 0.002,0.147 ± 0.002,0.873 ± 0.004,0.127 ± 0.004,0.932 ± 0.001,0.912 ± 0.001,0.975 ± 0.0,0.909 ± 0.001,0.83 ± 0.002,0.145 ± 0.001,0.04 ± 0.0,0.97 ± 0.001,0.03 ± 0.001,0.966 ± 0.0,0.034 ± 0.0,0.948 ± 0.001,0.948 ± 0.001,0.949 ± 0.001,0.948 ± 0.001,0.914 ± 0.001,0.92 ± 0.002,0.912 ± 0.001
BioLinkBERT-base,vector-weighted-average-4060-classification-token,0.854 ± 0.001,0.854 ± 0.001,0.856 ± 0.002,0.144 ± 0.002,0.857 ± 0.001,0.143 ± 0.001,0.937 ± 0.001,0.911 ± 0.001,0.981 ± 0.0,0.908 ± 0.001,0.822 ± 0.001,0.136 ± 0.001,0.04 ± 0.0,0.966 ± 0.0,0.034 ± 0.0,0.967 ± 0.0,0.033 ± 0.0,0.945 ± 0.0,0.945 ± 0.0,0.946 ± 0.0,0.945 ± 0.0,0.91 ± 0.0,0.912 ± 0.0,0.911 ± 0.001
scibert-scivocab-uncased,vector-weighted-average-4060-hidden-states,0.854 ± 0.002,0.857 ± 0.002,0.853 ± 0.002,0.147 ± 0.002,0.867 ± 0.003,0.133 ± 0.003,0.928 ± 0.001,0.911 ± 0.001,0.972 ± 0.0,0.908 ± 0.001,0.826 ± 0.003,0.15 ± 0.001,0.041 ± 0.0,0.968 ± 0.001,0.032 ± 0.001,0.966 ± 0.001,0.034 ± 0.001,0.946 ± 0.001,0.946 ± 0.001,0.948 ± 0.001,0.946 ± 0.001,0.912 ± 0.001,0.917 ± 0.002,0.911 ± 0.001
all-mpnet-base-v2,text-concatenation-hidden-states,0.854 ± 0.002,0.859 ± 0.002,0.851 ± 0.002,0.149 ± 0.002,0.872 ± 0.004,0.128 ± 0.004,0.927 ± 0.001,0.91 ± 0.001,0.973 ± 0.0,0.908 ± 0.001,0.829 ± 0.003,0.148 ± 0.001,0.04 ± 0.0,0.97 ± 0.001,0.03 ± 0.001,0.966 ± 0.001,0.034 ± 0.001,0.948 ± 0.001,0.948 ± 0.001,0.948 ± 0.001,0.948 ± 0.001,0.914 ± 0.001,0.919 ± 0.002,0.91 ± 0.001
all-mpnet-base-v2,vector-weighted-average-2080-hidden-states,0.853 ± 0.002,0.855 ± 0.002,0.852 ± 0.002,0.148 ± 0.002,0.861 ± 0.002,0.139 ± 0.002,0.921 ± 0.001,0.91 ± 0.001,0.967 ± 0.001,0.907 ± 0.001,0.823 ± 0.002,0.157 ± 0.001,0.042 ± 0.0,0.967 ± 0.001,0.033 ± 0.001,0.966 ± 0.0,0.034 ± 0.0,0.946 ± 0.001,0.946 ± 0.001,0.946 ± 0.001,0.946 ± 0.001,0.911 ± 0.001,0.914 ± 0.001,0.91 ± 0.001
BiomedNLP-BiomedBERT-base-uncased-abstract,vector-weighted-average-4060-classification-token,0.853 ± 0.001,0.854 ± 0.001,0.853 ± 0.002,0.147 ± 0.002,0.862 ± 0.003,0.138 ± 0.003,0.921 ± 0.002,0.91 ± 0.001,0.977 ± 0.0,0.907 ± 0.001,0.823 ± 0.002,0.163 ± 0.001,0.04 ± 0.0,0.967 ± 0.001,0.033 ± 0.001,0.966 ± 0.0,0.034 ± 0.0,0.945 ± 0.001,0.945 ± 0.0,0.947 ± 0.001,0.945 ± 0.001,0.91 ± 0.001,0.914 ± 0.002,0.91 ± 0.001
all-mpnet-base-v2,abstract-text-hidden-states,0.852 ± 0.002,0.86 ± 0.001,0.848 ± 0.002,0.152 ± 0.002,0.876 ± 0.002,0.124 ± 0.002,0.92 ± 0.001,0.91 ± 0.001,0.969 ± 0.0,0.907 ± 0.001,0.829 ± 0.002,0.154 ± 0.001,0.041 ± 0.0,0.972 ± 0.001,0.028 ± 0.001,0.965 ± 0.0,0.035 ± 0.0,0.948 ± 0.001,0.948 ± 0.001,0.948 ± 0.001,0.948 ± 0.001,0.914 ± 0.001,0.921 ± 0.001,0.91 ± 0.001
BioLinkBERT-base,vector-weighted-average-3070-classification-token,0.852 ± 0.001,0.852 ± 0.001,0.853 ± 0.001,0.147 ± 0.001,0.857 ± 0.001,0.143 ± 0.001,0.933 ± 0.0,0.909 ± 0.001,0.98 ± 0.0,0.907 ± 0.001,0.82 ± 0.001,0.14 ± 0.001,0.041 ± 0.0,0.965 ± 0.0,0.035 ± 0.0,0.966 ± 0.0,0.034 ± 0.0,0.944 ± 0.0,0.944 ± 0.0,0.946 ± 0.0,0.944 ± 0.0,0.909 ± 0.001,0.911 ± 0.001,0.909 ± 0.001
all-mpnet-base-v2,vector-concatenation-classification-token,0.852 ± 0.001,0.858 ± 0.001,0.849 ± 0.002,0.151 ± 0.002,0.871 ± 0.002,0.129 ± 0.002,0.925 ± 0.001,0.909 ± 0.001,0.967 ± 0.0,0.907 ± 0.001,0.827 ± 0.001,0.156 ± 0.001,0.041 ± 0.0,0.97 ± 0.0,0.03 ± 0.0,0.965 ± 0.0,0.035 ± 0.0,0.947 ± 0.0,0.947 ± 0.0,0.948 ± 0.0,0.947 ± 0.0,0.913 ± 0.0,0.918 ± 0.001,0.909 ± 0.001
S-PubMedBert-MS-MARCO,text-concatenation-classification-token,0.851 ± 0.002,0.851 ± 0.002,0.852 ± 0.002,0.148 ± 0.002,0.855 ± 0.003,0.145 ± 0.003,0.927 ± 0.003,0.909 ± 0.001,0.974 ± 0.001,0.906 ± 0.001,0.818 ± 0.002,0.148 ± 0.002,0.041 ± 0.001,0.965 ± 0.001,0.035 ± 0.001,0.966 ± 0.0,0.034 ± 0.0,0.944 ± 0.001,0.944 ± 0.001,0.945 ± 0.001,0.944 ± 0.001,0.908 ± 0.001,0.91 ± 0.002,0.909 ± 0.001
scibert-scivocab-uncased,vector-weighted-average-2080-hidden-states,0.851 ± 0.001,0.853 ± 0.001,0.851 ± 0.001,0.149 ± 0.001,0.859 ± 0.002,0.141 ± 0.002,0.928 ± 0.001,0.908 ± 0.001,0.972 ± 0.0,0.906 ± 0.001,0.82 ± 0.002,0.149 ± 0.001,0.041 ± 0.0,0.966 ± 0.001,0.034 ± 0.001,0.966 ± 0.0,0.034 ± 0.0,0.945 ± 0.001,0.945 ± 0.0,0.946 ± 0.001,0.945 ± 0.001,0.909 ± 0.001,0.912 ± 0.001,0.908 ± 0.001
S-PubMedBert-MS-MARCO,vector-concatenation-classification-token,0.85 ± 0.002,0.851 ± 0.001,0.851 ± 0.002,0.149 ± 0.002,0.854 ± 0.002,0.146 ± 0.002,0.922 ± 0.001,0.908 ± 0.001,0.97 ± 0.0,0.906 ± 0.001,0.818 ± 0.001,0.155 ± 0.001,0.042 ± 0.0,0.966 ± 0.0,0.034 ± 0.0,0.966 ± 0.0,0.034 ± 0.0,0.944 ± 0.0,0.944 ± 0.0,0.945 ± 0.0,0.944 ± 0.0,0.908 ± 0.0,0.91 ± 0.001,0.908 ± 0.001
SapBERT-from-PubMedBERT-fulltext,vector-average-hidden-states,0.85 ± 0.003,0.847 ± 0.003,0.853 ± 0.003,0.147 ± 0.003,0.846 ± 0.003,0.154 ± 0.003,0.915 ± 0.002,0.908 ± 0.002,0.967 ± 0.001,0.905 ± 0.002,0.814 ± 0.004,0.165 ± 0.002,0.045 ± 0.001,0.963 ± 0.001,0.037 ± 0.001,0.966 ± 0.001,0.034 ± 0.001,0.942 ± 0.001,0.942 ± 0.001,0.944 ± 0.001,0.942 ± 0.001,0.906 ± 0.002,0.906 ± 0.002,0.908 ± 0.002
SapBERT-from-PubMedBERT-fulltext,vector-sum-hidden-states,0.85 ± 0.003,0.847 ± 0.003,0.853 ± 0.003,0.147 ± 0.003,0.846 ± 0.003,0.154 ± 0.003,0.915 ± 0.002,0.908 ± 0.002,0.967 ± 0.001,0.905 ± 0.002,0.814 ± 0.004,0.165 ± 0.002,0.045 ± 0.001,0.963 ± 0.001,0.037 ± 0.001,0.966 ± 0.001,0.034 ± 0.001,0.942 ± 0.001,0.942 ± 0.001,0.944 ± 0.001,0.942 ± 0.001,0.906 ± 0.002,0.906 ± 0.002,0.908 ± 0.002
scibert-scivocab-uncased,vector-concatenation-hidden-states,0.85 ± 0.002,0.86 ± 0.002,0.845 ± 0.003,0.155 ± 0.003,0.881 ± 0.002,0.119 ± 0.002,0.939 ± 0.001,0.909 ± 0.001,0.977 ± 0.0,0.905 ± 0.001,0.831 ± 0.002,0.137 ± 0.001,0.038 ± 0.0,0.972 ± 0.0,0.028 ± 0.0,0.965 ± 0.001,0.035 ± 0.001,0.949 ± 0.001,0.948 ± 0.001,0.949 ± 0.001,0.949 ± 0.001,0.914 ± 0.001,0.923 ± 0.001,0.909 ± 0.001
BioLinkBERT-base,vector-weighted-average-2080-classification-token,0.849 ± 0.001,0.851 ± 0.001,0.849 ± 0.001,0.151 ± 0.001,0.859 ± 0.002,0.141 ± 0.002,0.927 ± 0.001,0.908 ± 0.001,0.977 ± 0.0,0.905 ± 0.001,0.819 ± 0.001,0.149 ± 0.001,0.043 ± 0.0,0.966 ± 0.001,0.034 ± 0.001,0.965 ± 0.0,0.035 ± 0.0,0.944 ± 0.0,0.944 ± 0.0,0.945 ± 0.0,0.944 ± 0.0,0.908 ± 0.001,0.912 ± 0.001,0.908 ± 0.001
all-mpnet-base-v2,vector-weighted-average-3070-hidden-states,0.849 ± 0.002,0.852 ± 0.002,0.848 ± 0.002,0.152 ± 0.002,0.86 ± 0.003,0.14 ± 0.003,0.923 ± 0.001,0.908 ± 0.001,0.968 ± 0.001,0.905 ± 0.001,0.82 ± 0.003,0.155 ± 0.001,0.042 ± 0.0,0.967 ± 0.001,0.033 ± 0.001,0.965 ± 0.001,0.035 ± 0.001,0.945 ± 0.001,0.945 ± 0.001,0.945 ± 0.001,0.945 ± 0.001,0.909 ± 0.001,0.913 ± 0.002,0.908 ± 0.001
BiomedNLP-BiomedBERT-base-uncased-abstract,vector-concatenation-classification-token,0.849 ± 0.003,0.852 ± 0.002,0.849 ± 0.003,0.151 ± 0.003,0.862 ± 0.003,0.138 ± 0.003,0.918 ± 0.001,0.908 ± 0.001,0.978 ± 0.0,0.905 ± 0.002,0.821 ± 0.002,0.168 ± 0.001,0.041 ± 0.0,0.967 ± 0.001,0.033 ± 0.001,0.965 ± 0.001,0.035 ± 0.001,0.945 ± 0.001,0.945 ± 0.001,0.946 ± 0.001,0.945 ± 0.001,0.909 ± 0.001,0.914 ± 0.001,0.908 ± 0.001
S-PubMedBert-MS-MARCO,vector-average-hidden-states,0.849 ± 0.002,0.844 ± 0.001,0.853 ± 0.003,0.147 ± 0.003,0.841 ± 0.003,0.159 ± 0.003,0.933 ± 0.001,0.907 ± 0.001,0.975 ± 0.0,0.905 ± 0.001,0.81 ± 0.002,0.147 ± 0.0,0.041 ± 0.0,0.961 ± 0.001,0.039 ± 0.001,0.966 ± 0.001,0.034 ± 0.001,0.941 ± 0.001,0.941 ± 0.001,0.942 ± 0.001,0.941 ± 0.001,0.904 ± 0.001,0.903 ± 0.001,0.907 ± 0.001
S-PubMedBert-MS-MARCO,vector-sum-hidden-states,0.849 ± 0.002,0.844 ± 0.001,0.853 ± 0.003,0.147 ± 0.003,0.841 ± 0.003,0.159 ± 0.003,0.933 ± 0.001,0.907 ± 0.001,0.975 ± 0.0,0.905 ± 0.001,0.81 ± 0.002,0.147 ± 0.0,0.041 ± 0.0,0.961 ± 0.001,0.039 ± 0.001,0.966 ± 0.001,0.034 ± 0.001,0.941 ± 0.001,0.941 ± 0.001,0.942 ± 0.001,0.941 ± 0.001,0.904 ± 0.001,0.903 ± 0.001,0.907 ± 0.001
all-mpnet-base-v2,vector-weighted-average-4060-hidden-states,0.847 ± 0.003,0.847 ± 0.004,0.848 ± 0.003,0.152 ± 0.003,0.849 ± 0.004,0.151 ± 0.004,0.924 ± 0.002,0.906 ± 0.002,0.968 ± 0.001,0.904 ± 0.002,0.813 ± 0.004,0.157 ± 0.002,0.043 ± 0.001,0.965 ± 0.001,0.035 ± 0.001,0.965 ± 0.001,0.035 ± 0.001,0.943 ± 0.001,0.943 ± 0.001,0.943 ± 0.001,0.943 ± 0.001,0.906 ± 0.002,0.907 ± 0.003,0.906 ± 0.002
BiomedNLP-BiomedBERT-base-uncased-abstract,vector-weighted-average-3070-classification-token,0.845 ± 0.001,0.848 ± 0.001,0.845 ± 0.002,0.155 ± 0.002,0.858 ± 0.003,0.142 ± 0.003,0.916 ± 0.002,0.905 ± 0.001,0.974 ± 0.0,0.902 ± 0.001,0.816 ± 0.002,0.174 ± 0.002,0.042 ± 0.0,0.966 ± 0.001,0.034 ± 0.001,0.965 ± 0.0,0.035 ± 0.0,0.943 ± 0.0,0.943 ± 0.0,0.945 ± 0.001,0.943 ± 0.0,0.906 ± 0.001,0.911 ± 0.001,0.905 ± 0.001
all-mpnet-base-v2,vector-average-classification-token,0.844 ± 0.003,0.844 ± 0.002,0.845 ± 0.004,0.155 ± 0.004,0.847 ± 0.004,0.153 ± 0.004,0.915 ± 0.002,0.905 ± 0.002,0.966 ± 0.001,0.902 ± 0.002,0.81 ± 0.002,0.166 ± 0.001,0.046 ± 0.0,0.964 ± 0.001,0.036 ± 0.001,0.964 ± 0.001,0.036 ± 0.001,0.942 ± 0.001,0.942 ± 0.001,0.942 ± 0.001,0.942 ± 0.001,0.904 ± 0.001,0.906 ± 0.002,0.905 ± 0.002
all-mpnet-base-v2,vector-sum-classification-token,0.844 ± 0.003,0.844 ± 0.002,0.845 ± 0.004,0.155 ± 0.004,0.847 ± 0.004,0.153 ± 0.004,0.915 ± 0.002,0.905 ± 0.002,0.966 ± 0.001,0.902 ± 0.002,0.81 ± 0.002,0.166 ± 0.001,0.046 ± 0.0,0.964 ± 0.001,0.036 ± 0.001,0.964 ± 0.001,0.036 ± 0.001,0.942 ± 0.001,0.942 ± 0.001,0.942 ± 0.001,0.942 ± 0.001,0.904 ± 0.001,0.906 ± 0.002,0.905 ± 0.002
pubmedbert-base-embeddings,vector-weighted-average-2080-hidden-states,0.844 ± 0.002,0.848 ± 0.003,0.842 ± 0.002,0.158 ± 0.002,0.859 ± 0.005,0.141 ± 0.005,0.931 ± 0.001,0.905 ± 0.002,0.976 ± 0.0,0.901 ± 0.002,0.815 ± 0.004,0.144 ± 0.001,0.041 ± 0.001,0.967 ± 0.001,0.033 ± 0.001,0.964 ± 0.001,0.036 ± 0.001,0.944 ± 0.001,0.943 ± 0.001,0.944 ± 0.001,0.944 ± 0.001,0.907 ± 0.002,0.911 ± 0.003,0.905 ± 0.002
SapBERT-from-PubMedBERT-fulltext,vector-weighted-average-4060-hidden-states,0.844 ± 0.003,0.845 ± 0.003,0.844 ± 0.003,0.156 ± 0.003,0.851 ± 0.003,0.149 ± 0.003,0.917 ± 0.002,0.904 ± 0.002,0.968 ± 0.001,0.902 ± 0.002,0.811 ± 0.004,0.163 ± 0.002,0.045 ± 0.001,0.965 ± 0.001,0.035 ± 0.001,0.964 ± 0.001,0.036 ± 0.001,0.942 ± 0.001,0.942 ± 0.001,0.943 ± 0.001,0.942 ± 0.001,0.905 ± 0.002,0.908 ± 0.002,0.904 ± 0.002
scibert-scivocab-uncased,vector-average-hidden-states,0.844 ± 0.001,0.847 ± 0.0,0.843 ± 0.001,0.157 ± 0.001,0.857 ± 0.002,0.143 ± 0.002,0.922 ± 0.001,0.905 ± 0.0,0.968 ± 0.0,0.901 ± 0.0,0.814 ± 0.001,0.158 ± 0.0,0.043 ± 0.0,0.966 ± 0.0,0.034 ± 0.0,0.964 ± 0.0,0.036 ± 0.0,0.943 ± 0.0,0.943 ± 0.0,0.944 ± 0.0,0.943 ± 0.0,0.906 ± 0.0,0.911 ± 0.001,0.905 ± 0.0
scibert-scivocab-uncased,vector-sum-hidden-states,0.844 ± 0.001,0.847 ± 0.0,0.843 ± 0.001,0.157 ± 0.001,0.857 ± 0.002,0.143 ± 0.002,0.922 ± 0.001,0.905 ± 0.0,0.968 ± 0.0,0.901 ± 0.0,0.814 ± 0.001,0.158 ± 0.0,0.043 ± 0.0,0.966 ± 0.0,0.034 ± 0.0,0.964 ± 0.0,0.036 ± 0.0,0.943 ± 0.0,0.943 ± 0.0,0.944 ± 0.0,0.943 ± 0.0,0.906 ± 0.0,0.911 ± 0.001,0.905 ± 0.0
S-PubMedBert-MS-MARCO,vector-weighted-average-3070-classification-token,0.843 ± 0.002,0.836 ± 0.002,0.849 ± 0.003,0.151 ± 0.003,0.826 ± 0.004,0.174 ± 0.004,0.906 ± 0.002,0.904 ± 0.002,0.969 ± 0.001,0.901 ± 0.002,0.799 ± 0.003,0.168 ± 0.002,0.048 ± 0.0,0.958 ± 0.001,0.042 ± 0.001,0.965 ± 0.001,0.035 ± 0.001,0.937 ± 0.001,0.938 ± 0.001,0.939 ± 0.001,0.937 ± 0.001,0.899 ± 0.002,0.896 ± 0.002,0.904 ± 0.002
all-mpnet-base-v2,text-concatenation-classification-token,0.843 ± 0.003,0.842 ± 0.002,0.845 ± 0.004,0.155 ± 0.004,0.842 ± 0.002,0.158 ± 0.002,0.922 ± 0.0,0.904 ± 0.002,0.966 ± 0.0,0.901 ± 0.002,0.806 ± 0.002,0.164 ± 0.001,0.044 ± 0.0,0.963 ± 0.001,0.037 ± 0.001,0.964 ± 0.001,0.036 ± 0.001,0.94 ± 0.001,0.94 ± 0.001,0.941 ± 0.001,0.94 ± 0.001,0.902 ± 0.001,0.903 ± 0.001,0.904 ± 0.002
S-PubMedBert-MS-MARCO,vector-weighted-average-2080-classification-token,0.841 ± 0.001,0.834 ± 0.002,0.846 ± 0.002,0.154 ± 0.002,0.827 ± 0.005,0.173 ± 0.005,0.906 ± 0.002,0.902 ± 0.001,0.967 ± 0.001,0.899 ± 0.001,0.797 ± 0.003,0.169 ± 0.002,0.048 ± 0.001,0.958 ± 0.001,0.042 ± 0.001,0.964 ± 0.0,0.036 ± 0.0,0.937 ± 0.001,0.937 ± 0.001,0.938 ± 0.001,0.937 ± 0.001,0.898 ± 0.002,0.896 ± 0.002,0.902 ± 0.001
all-mpnet-base-v2,vector-average-hidden-states,0.84 ± 0.003,0.841 ± 0.003,0.84 ± 0.003,0.16 ± 0.003,0.844 ± 0.004,0.156 ± 0.004,0.92 ± 0.002,0.902 ± 0.002,0.967 ± 0.001,0.899 ± 0.002,0.806 ± 0.004,0.161 ± 0.002,0.045 ± 0.001,0.964 ± 0.001,0.036 ± 0.001,0.963 ± 0.001,0.037 ± 0.001,0.941 ± 0.001,0.94 ± 0.001,0.941 ± 0.001,0.941 ± 0.001,0.902 ± 0.002,0.904 ± 0.002,0.902 ± 0.002
all-mpnet-base-v2,vector-sum-hidden-states,0.84 ± 0.003,0.841 ± 0.003,0.84 ± 0.003,0.16 ± 0.003,0.844 ± 0.004,0.156 ± 0.004,0.92 ± 0.002,0.902 ± 0.002,0.967 ± 0.001,0.899 ± 0.002,0.806 ± 0.004,0.161 ± 0.002,0.045 ± 0.001,0.964 ± 0.001,0.036 ± 0.001,0.963 ± 0.001,0.037 ± 0.001,0.941 ± 0.001,0.94 ± 0.001,0.941 ± 0.001,0.941 ± 0.001,0.902 ± 0.002,0.904 ± 0.002,0.902 ± 0.002
S-PubMedBert-MS-MARCO,abstract-text-hidden-states,0.84 ± 0.003,0.848 ± 0.002,0.836 ± 0.004,0.164 ± 0.004,0.865 ± 0.005,0.135 ± 0.005,0.928 ± 0.002,0.902 ± 0.002,0.973 ± 0.001,0.899 ± 0.002,0.815 ± 0.003,0.15 ± 0.002,0.042 ± 0.001,0.969 ± 0.001,0.031 ± 0.001,0.962 ± 0.001,0.038 ± 0.001,0.944 ± 0.001,0.943 ± 0.001,0.944 ± 0.001,0.944 ± 0.001,0.907 ± 0.001,0.914 ± 0.002,0.902 ± 0.002
biobert-base-cased-v1.2,vector-weighted-average-4060-hidden-states,0.838 ± 0.002,0.839 ± 0.003,0.839 ± 0.002,0.161 ± 0.002,0.845 ± 0.006,0.155 ± 0.006,0.896 ± 0.001,0.901 ± 0.001,0.965 ± 0.0,0.898 ± 0.001,0.804 ± 0.004,0.176 ± 0.001,0.048 ± 0.001,0.963 ± 0.002,0.037 ± 0.002,0.963 ± 0.0,0.037 ± 0.0,0.94 ± 0.001,0.939 ± 0.001,0.941 ± 0.001,0.94 ± 0.001,0.901 ± 0.002,0.904 ± 0.003,0.901 ± 0.001
scibert-scivocab-uncased,vector-weighted-average-1090-hidden-states,0.838 ± 0.002,0.834 ± 0.002,0.842 ± 0.002,0.158 ± 0.002,0.831 ± 0.003,0.169 ± 0.003,0.911 ± 0.001,0.9 ± 0.001,0.966 ± 0.0,0.898 ± 0.001,0.797 ± 0.002,0.166 ± 0.001,0.047 ± 0.0,0.959 ± 0.0,0.041 ± 0.0,0.964 ± 0.0,0.036 ± 0.0,0.937 ± 0.001,0.937 ± 0.001,0.939 ± 0.001,0.937 ± 0.001,0.897 ± 0.001,0.897 ± 0.001,0.9 ± 0.001
S-PubMedBert-MS-MARCO,vector-weighted-average-4060-classification-token,0.837 ± 0.002,0.83 ± 0.002,0.843 ± 0.002,0.157 ± 0.002,0.822 ± 0.003,0.178 ± 0.003,0.9 ± 0.002,0.9 ± 0.001,0.967 ± 0.001,0.897 ± 0.001,0.792 ± 0.003,0.172 ± 0.001,0.05 ± 0.0,0.957 ± 0.001,0.043 ± 0.001,0.964 ± 0.001,0.036 ± 0.001,0.935 ± 0.001,0.936 ± 0.001,0.937 ± 0.001,0.935 ± 0.001,0.895 ± 0.001,0.893 ± 0.002,0.9 ± 0.001
SapBERT-from-PubMedBERT-fulltext,vector-weighted-average-3070-hidden-states,0.836 ± 0.001,0.838 ± 0.002,0.836 ± 0.001,0.164 ± 0.001,0.845 ± 0.003,0.155 ± 0.003,0.916 ± 0.002,0.9 ± 0.001,0.969 ± 0.001,0.897 ± 0.001,0.802 ± 0.002,0.163 ± 0.002,0.046 ± 0.001,0.963 ± 0.001,0.037 ± 0.001,0.962 ± 0.0,0.038 ± 0.0,0.939 ± 0.001,0.939 ± 0.001,0.94 ± 0.001,0.939 ± 0.001,0.9 ± 0.001,0.904 ± 0.002,0.9 ± 0.001
S-PubMedBert-MS-MARCO,vector-weighted-average-1090-hidden-states,0.836 ± 0.002,0.826 ± 0.002,0.844 ± 0.002,0.156 ± 0.002,0.814 ± 0.004,0.186 ± 0.004,0.912 ± 0.002,0.899 ± 0.001,0.967 ± 0.001,0.896 ± 0.001,0.787 ± 0.003,0.167 ± 0.002,0.048 ± 0.0,0.954 ± 0.001,0.046 ± 0.001,0.964 ± 0.0,0.036 ± 0.0,0.933 ± 0.001,0.934 ± 0.001,0.936 ± 0.001,0.933 ± 0.001,0.892 ± 0.001,0.889 ± 0.002,0.899 ± 0.001
pubmedbert-base-embeddings,vector-weighted-average-1090-classification-token,0.834 ± 0.002,0.827 ± 0.003,0.84 ± 0.001,0.16 ± 0.001,0.817 ± 0.005,0.183 ± 0.005,0.903 ± 0.003,0.898 ± 0.001,0.969 ± 0.001,0.895 ± 0.001,0.787 ± 0.003,0.17 ± 0.003,0.048 ± 0.001,0.955 ± 0.001,0.045 ± 0.001,0.963 ± 0.0,0.037 ± 0.0,0.934 ± 0.001,0.934 ± 0.001,0.936 ± 0.001,0.934 ± 0.001,0.893 ± 0.002,0.89 ± 0.003,0.898 ± 0.001
SapBERT-from-PubMedBERT-fulltext,vector-concatenation-classification-token,0.833 ± 0.002,0.837 ± 0.001,0.832 ± 0.002,0.168 ± 0.002,0.846 ± 0.002,0.154 ± 0.002,0.917 ± 0.001,0.898 ± 0.001,0.97 ± 0.0,0.895 ± 0.001,0.801 ± 0.001,0.158 ± 0.001,0.044 ± 0.0,0.964 ± 0.001,0.036 ± 0.001,0.961 ± 0.0,0.039 ± 0.0,0.939 ± 0.0,0.939 ± 0.0,0.94 ± 0.0,0.939 ± 0.0,0.9 ± 0.001,0.904 ± 0.001,0.898 ± 0.001
SapBERT-from-PubMedBERT-fulltext,abstract-text-classification-token,0.833 ± 0.002,0.841 ± 0.002,0.83 ± 0.002,0.17 ± 0.002,0.86 ± 0.005,0.14 ± 0.005,0.905 ± 0.001,0.898 ± 0.001,0.965 ± 0.001,0.895 ± 0.001,0.808 ± 0.003,0.171 ± 0.002,0.048 ± 0.0,0.967 ± 0.001,0.033 ± 0.001,0.961 ± 0.0,0.039 ± 0.0,0.941 ± 0.001,0.941 ± 0.001,0.942 ± 0.001,0.941 ± 0.001,0.902 ± 0.001,0.911 ± 0.003,0.898 ± 0.001
SapBERT-from-PubMedBERT-fulltext,vector-weighted-average-2080-hidden-states,0.833 ± 0.002,0.825 ± 0.003,0.84 ± 0.002,0.16 ± 0.002,0.817 ± 0.004,0.183 ± 0.004,0.908 ± 0.003,0.897 ± 0.002,0.966 ± 0.001,0.895 ± 0.002,0.786 ± 0.003,0.17 ± 0.003,0.048 ± 0.001,0.955 ± 0.001,0.045 ± 0.001,0.963 ± 0.001,0.037 ± 0.001,0.933 ± 0.001,0.933 ± 0.001,0.935 ± 0.001,0.933 ± 0.001,0.892 ± 0.002,0.89 ± 0.002,0.897 ± 0.002
pubmedbert-base-embeddings,vector-weighted-average-1090-hidden-states,0.832 ± 0.003,0.832 ± 0.004,0.833 ± 0.003,0.167 ± 0.003,0.835 ± 0.005,0.165 ± 0.005,0.909 ± 0.003,0.897 ± 0.002,0.967 ± 0.001,0.894 ± 0.002,0.795 ± 0.005,0.167 ± 0.002,0.047 ± 0.001,0.961 ± 0.001,0.039 ± 0.001,0.962 ± 0.001,0.038 ± 0.001,0.937 ± 0.001,0.937 ± 0.001,0.938 ± 0.001,0.937 ± 0.001,0.897 ± 0.002,0.898 ± 0.003,0.897 ± 0.002
biobert-base-cased-v1.2,vector-weighted-average-3070-hidden-states,0.832 ± 0.003,0.833 ± 0.002,0.832 ± 0.003,0.168 ± 0.003,0.84 ± 0.003,0.16 ± 0.003,0.9 ± 0.002,0.897 ± 0.002,0.968 ± 0.0,0.893 ± 0.002,0.797 ± 0.003,0.173 ± 0.001,0.048 ± 0.001,0.962 ± 0.001,0.038 ± 0.001,0.961 ± 0.001,0.039 ± 0.001,0.937 ± 0.001,0.937 ± 0.001,0.939 ± 0.001,0.937 ± 0.001,0.897 ± 0.001,0.901 ± 0.002,0.897 ± 0.002
S-PubMedBert-MS-MARCO,vector-weighted-average-1090-classification-token,0.832 ± 0.002,0.815 ± 0.003,0.844 ± 0.003,0.156 ± 0.003,0.792 ± 0.006,0.208 ± 0.006,0.887 ± 0.002,0.896 ± 0.001,0.958 ± 0.001,0.893 ± 0.001,0.772 ± 0.003,0.188 ± 0.001,0.053 ± 0.0,0.947 ± 0.002,0.053 ± 0.002,0.963 ± 0.001,0.037 ± 0.001,0.928 ± 0.001,0.929 ± 0.001,0.931 ± 0.001,0.928 ± 0.001,0.885 ± 0.002,0.878 ± 0.003,0.896 ± 0.001
all-mpnet-base-v2,vector-weighted-average-4060-classification-token,0.831 ± 0.002,0.83 ± 0.002,0.832 ± 0.003,0.168 ± 0.003,0.833 ± 0.004,0.167 ± 0.004,0.913 ± 0.002,0.896 ± 0.001,0.966 ± 0.0,0.893 ± 0.002,0.793 ± 0.002,0.169 ± 0.001,0.047 ± 0.0,0.961 ± 0.001,0.039 ± 0.001,0.961 ± 0.001,0.039 ± 0.001,0.937 ± 0.001,0.936 ± 0.001,0.937 ± 0.001,0.937 ± 0.001,0.896 ± 0.001,0.897 ± 0.002,0.896 ± 0.001
BioLinkBERT-base,vector-weighted-average-1090-classification-token,0.831 ± 0.002,0.829 ± 0.001,0.833 ± 0.002,0.167 ± 0.002,0.831 ± 0.002,0.169 ± 0.002,0.907 ± 0.002,0.896 ± 0.001,0.969 ± 0.001,0.893 ± 0.001,0.792 ± 0.002,0.168 ± 0.001,0.048 ± 0.0,0.959 ± 0.0,0.041 ± 0.0,0.962 ± 0.0,0.038 ± 0.0,0.936 ± 0.001,0.936 ± 0.001,0.937 ± 0.001,0.936 ± 0.001,0.895 ± 0.001,0.896 ± 0.001,0.896 ± 0.001
BiomedNLP-BiomedBERT-base-uncased-abstract,text-concatenation-classification-token,0.83 ± 0.004,0.824 ± 0.003,0.835 ± 0.004,0.165 ± 0.004,0.818 ± 0.004,0.182 ± 0.004,0.9 ± 0.003,0.896 ± 0.002,0.966 ± 0.001,0.893 ± 0.002,0.785 ± 0.004,0.191 ± 0.002,0.048 ± 0.001,0.956 ± 0.001,0.044 ± 0.001,0.962 ± 0.001,0.038 ± 0.001,0.934 ± 0.001,0.934 ± 0.001,0.935 ± 0.001,0.934 ± 0.001,0.892 ± 0.002,0.89 ± 0.002,0.896 ± 0.002
biobert-base-cased-v1.2,vector-average-hidden-states,0.829 ± 0.003,0.828 ± 0.004,0.832 ± 0.003,0.168 ± 0.003,0.829 ± 0.007,0.171 ± 0.007,0.892 ± 0.002,0.895 ± 0.002,0.961 ± 0.0,0.892 ± 0.002,0.79 ± 0.005,0.182 ± 0.001,0.05 ± 0.001,0.959 ± 0.002,0.041 ± 0.002,0.961 ± 0.001,0.039 ± 0.001,0.935 ± 0.002,0.935 ± 0.002,0.936 ± 0.002,0.935 ± 0.002,0.894 ± 0.002,0.895 ± 0.003,0.895 ± 0.002
biobert-base-cased-v1.2,vector-sum-hidden-states,0.829 ± 0.003,0.828 ± 0.004,0.832 ± 0.003,0.168 ± 0.003,0.829 ± 0.007,0.171 ± 0.007,0.892 ± 0.002,0.895 ± 0.002,0.961 ± 0.0,0.892 ± 0.002,0.79 ± 0.005,0.182 ± 0.001,0.05 ± 0.001,0.959 ± 0.002,0.041 ± 0.002,0.961 ± 0.001,0.039 ± 0.001,0.935 ± 0.002,0.935 ± 0.002,0.936 ± 0.002,0.935 ± 0.002,0.894 ± 0.002,0.895 ± 0.003,0.895 ± 0.002
S-PubMedBert-MS-MARCO,abstract-text-classification-token,0.829 ± 0.004,0.83 ± 0.004,0.828 ± 0.005,0.172 ± 0.005,0.837 ± 0.007,0.163 ± 0.007,0.913 ± 0.003,0.895 ± 0.002,0.966 ± 0.001,0.892 ± 0.002,0.793 ± 0.005,0.165 ± 0.003,0.047 ± 0.001,0.962 ± 0.002,0.038 ± 0.002,0.96 ± 0.001,0.04 ± 0.001,0.936 ± 0.002,0.936 ± 0.002,0.937 ± 0.002,0.936 ± 0.002,0.896 ± 0.003,0.899 ± 0.004,0.895 ± 0.002
all-mpnet-base-v2,vector-weighted-average-1090-hidden-states,0.828 ± 0.002,0.829 ± 0.002,0.829 ± 0.002,0.171 ± 0.002,0.832 ± 0.003,0.168 ± 0.003,0.908 ± 0.001,0.895 ± 0.001,0.962 ± 0.001,0.891 ± 0.001,0.79 ± 0.002,0.167 ± 0.001,0.045 ± 0.0,0.96 ± 0.001,0.04 ± 0.001,0.961 ± 0.0,0.039 ± 0.0,0.936 ± 0.001,0.936 ± 0.001,0.936 ± 0.001,0.936 ± 0.001,0.894 ± 0.001,0.897 ± 0.001,0.895 ± 0.001
BiomedNLP-BiomedBERT-base-uncased-abstract,vector-weighted-average-2080-classification-token,0.828 ± 0.002,0.83 ± 0.001,0.829 ± 0.002,0.171 ± 0.002,0.841 ± 0.002,0.159 ± 0.002,0.904 ± 0.003,0.895 ± 0.001,0.968 ± 0.001,0.891 ± 0.001,0.795 ± 0.002,0.188 ± 0.002,0.046 ± 0.0,0.962 ± 0.0,0.038 ± 0.0,0.961 ± 0.001,0.039 ± 0.001,0.937 ± 0.0,0.936 ± 0.0,0.938 ± 0.001,0.937 ± 0.0,0.895 ± 0.001,0.901 ± 0.001,0.895 ± 0.001
scibert-scivocab-uncased,abstract-text-hidden-states,0.826 ± 0.001,0.828 ± 0.002,0.825 ± 0.002,0.175 ± 0.002,0.839 ± 0.004,0.161 ± 0.004,0.91 ± 0.002,0.893 ± 0.001,0.97 ± 0.001,0.89 ± 0.001,0.792 ± 0.002,0.162 ± 0.001,0.046 ± 0.0,0.961 ± 0.001,0.039 ± 0.001,0.96 ± 0.0,0.04 ± 0.0,0.936 ± 0.001,0.936 ± 0.001,0.937 ± 0.001,0.936 ± 0.001,0.894 ± 0.001,0.9 ± 0.002,0.893 ± 0.001
BioLinkBERT-base,text-concatenation-classification-token,0.824 ± 0.002,0.827 ± 0.002,0.824 ± 0.002,0.176 ± 0.002,0.834 ± 0.002,0.166 ± 0.002,0.913 ± 0.002,0.892 ± 0.001,0.97 ± 0.001,0.889 ± 0.001,0.788 ± 0.002,0.166 ± 0.002,0.048 ± 0.0,0.961 ± 0.0,0.039 ± 0.0,0.959 ± 0.0,0.041 ± 0.0,0.935 ± 0.001,0.935 ± 0.001,0.936 ± 0.001,0.935 ± 0.001,0.893 ± 0.001,0.897 ± 0.001,0.892 ± 0.001
S-PubMedBert-MS-MARCO,vector-average-classification-token,0.824 ± 0.002,0.82 ± 0.002,0.828 ± 0.002,0.172 ± 0.002,0.816 ± 0.003,0.184 ± 0.003,0.893 ± 0.001,0.892 ± 0.001,0.964 ± 0.001,0.889 ± 0.001,0.78 ± 0.002,0.18 ± 0.001,0.052 ± 0.0,0.956 ± 0.001,0.044 ± 0.001,0.96 ± 0.0,0.04 ± 0.0,0.932 ± 0.001,0.932 ± 0.001,0.933 ± 0.001,0.932 ± 0.001,0.889 ± 0.001,0.888 ± 0.002,0.892 ± 0.001
S-PubMedBert-MS-MARCO,vector-sum-classification-token,0.824 ± 0.002,0.82 ± 0.002,0.828 ± 0.002,0.172 ± 0.002,0.816 ± 0.003,0.184 ± 0.003,0.893 ± 0.001,0.892 ± 0.001,0.964 ± 0.001,0.889 ± 0.001,0.78 ± 0.002,0.18 ± 0.001,0.052 ± 0.0,0.956 ± 0.001,0.044 ± 0.001,0.96 ± 0.0,0.04 ± 0.0,0.932 ± 0.001,0.932 ± 0.001,0.933 ± 0.001,0.932 ± 0.001,0.889 ± 0.001,0.888 ± 0.002,0.892 ± 0.001
Bio-ClinicalBERT,vector-weighted-average-2080-hidden-states,0.824 ± 0.003,0.83 ± 0.003,0.82 ± 0.003,0.18 ± 0.003,0.846 ± 0.004,0.154 ± 0.004,0.909 ± 0.003,0.892 ± 0.002,0.966 ± 0.001,0.888 ± 0.002,0.794 ± 0.004,0.168 ± 0.003,0.047 ± 0.001,0.964 ± 0.001,0.036 ± 0.001,0.959 ± 0.001,0.041 ± 0.001,0.937 ± 0.001,0.937 ± 0.001,0.938 ± 0.001,0.937 ± 0.001,0.896 ± 0.002,0.902 ± 0.002,0.892 ± 0.002
all-mpnet-base-v2,vector-weighted-average-3070-classification-token,0.822 ± 0.003,0.82 ± 0.003,0.825 ± 0.004,0.175 ± 0.004,0.819 ± 0.003,0.181 ± 0.003,0.906 ± 0.001,0.891 ± 0.002,0.964 ± 0.0,0.887 ± 0.002,0.78 ± 0.003,0.173 ± 0.001,0.049 ± 0.0,0.957 ± 0.001,0.043 ± 0.001,0.96 ± 0.001,0.04 ± 0.001,0.932 ± 0.001,0.932 ± 0.001,0.933 ± 0.001,0.932 ± 0.001,0.889 ± 0.002,0.889 ± 0.002,0.891 ± 0.002
Bio-ClinicalBERT,vector-concatenation-hidden-states,0.822 ± 0.004,0.837 ± 0.003,0.813 ± 0.005,0.187 ± 0.005,0.868 ± 0.004,0.132 ± 0.004,0.915 ± 0.002,0.892 ± 0.003,0.966 ± 0.001,0.887 ± 0.003,0.804 ± 0.004,0.165 ± 0.002,0.046 ± 0.001,0.971 ± 0.001,0.029 ± 0.001,0.958 ± 0.001,0.042 ± 0.001,0.941 ± 0.001,0.94 ± 0.001,0.941 ± 0.001,0.941 ± 0.001,0.901 ± 0.002,0.913 ± 0.002,0.892 ± 0.003
SapBERT-from-PubMedBERT-fulltext,vector-weighted-average-4060-classification-token,0.822 ± 0.002,0.823 ± 0.002,0.822 ± 0.002,0.178 ± 0.002,0.829 ± 0.004,0.171 ± 0.004,0.893 ± 0.001,0.891 ± 0.001,0.958 ± 0.0,0.887 ± 0.001,0.784 ± 0.003,0.185 ± 0.001,0.051 ± 0.0,0.959 ± 0.001,0.041 ± 0.001,0.959 ± 0.001,0.041 ± 0.001,0.933 ± 0.001,0.933 ± 0.001,0.935 ± 0.001,0.933 ± 0.001,0.891 ± 0.001,0.894 ± 0.002,0.891 ± 0.001
BiomedNLP-BiomedBERT-base-uncased-abstract,title-text-hidden-states,0.821 ± 0.003,0.826 ± 0.002,0.818 ± 0.003,0.182 ± 0.003,0.839 ± 0.003,0.161 ± 0.003,0.911 ± 0.001,0.891 ± 0.002,0.968 ± 0.0,0.886 ± 0.002,0.789 ± 0.003,0.166 ± 0.001,0.047 ± 0.0,0.963 ± 0.001,0.037 ± 0.001,0.959 ± 0.001,0.041 ± 0.001,0.936 ± 0.001,0.935 ± 0.001,0.936 ± 0.001,0.936 ± 0.001,0.893 ± 0.001,0.899 ± 0.002,0.891 ± 0.002
SapBERT-from-PubMedBERT-fulltext,vector-average-classification-token,0.821 ± 0.002,0.82 ± 0.002,0.822 ± 0.002,0.178 ± 0.002,0.821 ± 0.003,0.179 ± 0.003,0.889 ± 0.001,0.89 ± 0.001,0.955 ± 0.0,0.887 ± 0.001,0.779 ± 0.002,0.189 ± 0.001,0.051 ± 0.0,0.957 ± 0.001,0.043 ± 0.001,0.959 ± 0.0,0.041 ± 0.0,0.932 ± 0.001,0.932 ± 0.001,0.933 ± 0.001,0.932 ± 0.001,0.889 ± 0.001,0.89 ± 0.001,0.89 ± 0.001
SapBERT-from-PubMedBERT-fulltext,vector-sum-classification-token,0.821 ± 0.002,0.82 ± 0.002,0.822 ± 0.002,0.178 ± 0.002,0.821 ± 0.003,0.179 ± 0.003,0.889 ± 0.001,0.89 ± 0.001,0.955 ± 0.0,0.887 ± 0.001,0.779 ± 0.002,0.189 ± 0.001,0.051 ± 0.0,0.957 ± 0.001,0.043 ± 0.001,0.959 ± 0.0,0.041 ± 0.0,0.932 ± 0.001,0.932 ± 0.001,0.933 ± 0.001,0.932 ± 0.001,0.889 ± 0.001,0.89 ± 0.001,0.89 ± 0.001
SapBERT-from-PubMedBERT-fulltext,vector-weighted-average-3070-classification-token,0.82 ± 0.002,0.817 ± 0.002,0.824 ± 0.003,0.176 ± 0.003,0.816 ± 0.003,0.184 ± 0.003,0.892 ± 0.001,0.89 ± 0.001,0.96 ± 0.001,0.886 ± 0.001,0.777 ± 0.002,0.185 ± 0.001,0.052 ± 0.0,0.956 ± 0.001,0.044 ± 0.001,0.959 ± 0.001,0.041 ± 0.001,0.931 ± 0.001,0.931 ± 0.001,0.932 ± 0.001,0.931 ± 0.001,0.887 ± 0.001,0.888 ± 0.002,0.89 ± 0.001
BioLinkBERT-base,abstract-text-classification-token,0.82 ± 0.002,0.833 ± 0.002,0.813 ± 0.002,0.187 ± 0.002,0.859 ± 0.003,0.141 ± 0.003,0.91 ± 0.002,0.89 ± 0.001,0.965 ± 0.001,0.886 ± 0.001,0.798 ± 0.003,0.169 ± 0.001,0.047 ± 0.0,0.968 ± 0.001,0.032 ± 0.001,0.957 ± 0.0,0.043 ± 0.0,0.939 ± 0.001,0.938 ± 0.001,0.939 ± 0.001,0.939 ± 0.001,0.898 ± 0.001,0.908 ± 0.002,0.89 ± 0.001
SapBERT-from-PubMedBERT-fulltext,abstract-text-hidden-states,0.82 ± 0.002,0.816 ± 0.001,0.824 ± 0.002,0.176 ± 0.002,0.813 ± 0.003,0.187 ± 0.003,0.895 ± 0.002,0.889 ± 0.001,0.963 ± 0.001,0.886 ± 0.001,0.775 ± 0.002,0.179 ± 0.002,0.051 ± 0.0,0.955 ± 0.001,0.045 ± 0.001,0.959 ± 0.0,0.041 ± 0.0,0.93 ± 0.001,0.93 ± 0.001,0.932 ± 0.001,0.93 ± 0.001,0.886 ± 0.001,0.886 ± 0.002,0.889 ± 0.001
all-mpnet-base-v2,abstract-text-classification-token,0.819 ± 0.003,0.823 ± 0.003,0.817 ± 0.004,0.183 ± 0.004,0.833 ± 0.002,0.167 ± 0.002,0.899 ± 0.001,0.889 ± 0.002,0.961 ± 0.001,0.885 ± 0.002,0.785 ± 0.003,0.178 ± 0.001,0.05 ± 0.0,0.962 ± 0.001,0.038 ± 0.001,0.958 ± 0.001,0.042 ± 0.001,0.935 ± 0.001,0.934 ± 0.001,0.935 ± 0.001,0.935 ± 0.001,0.892 ± 0.002,0.896 ± 0.001,0.889 ± 0.002
Bio-ClinicalBERT,vector-weighted-average-3070-hidden-states,0.818 ± 0.004,0.825 ± 0.004,0.815 ± 0.004,0.185 ± 0.004,0.841 ± 0.004,0.159 ± 0.004,0.909 ± 0.003,0.889 ± 0.003,0.964 ± 0.001,0.885 ± 0.003,0.788 ± 0.005,0.17 ± 0.003,0.048 ± 0.001,0.963 ± 0.001,0.037 ± 0.001,0.958 ± 0.001,0.042 ± 0.001,0.935 ± 0.001,0.935 ± 0.001,0.936 ± 0.002,0.935 ± 0.001,0.893 ± 0.002,0.9 ± 0.003,0.889 ± 0.003
scibert-scivocab-uncased,vector-concatenation-classification-token,0.817 ± 0.002,0.826 ± 0.001,0.812 ± 0.002,0.188 ± 0.002,0.845 ± 0.003,0.155 ± 0.003,0.902 ± 0.002,0.888 ± 0.001,0.959 ± 0.001,0.884 ± 0.001,0.789 ± 0.002,0.178 ± 0.002,0.049 ± 0.0,0.964 ± 0.001,0.036 ± 0.001,0.957 ± 0.0,0.043 ± 0.0,0.936 ± 0.001,0.935 ± 0.001,0.936 ± 0.001,0.936 ± 0.001,0.893 ± 0.001,0.901 ± 0.001,0.888 ± 0.001
all-mpnet-base-v2,vector-weighted-average-2080-classification-token,0.817 ± 0.002,0.81 ± 0.001,0.823 ± 0.003,0.177 ± 0.003,0.803 ± 0.002,0.197 ± 0.002,0.896 ± 0.001,0.887 ± 0.001,0.96 ± 0.0,0.884 ± 0.001,0.767 ± 0.001,0.182 ± 0.001,0.052 ± 0.0,0.952 ± 0.001,0.048 ± 0.001,0.959 ± 0.001,0.041 ± 0.001,0.928 ± 0.0,0.928 ± 0.0,0.93 ± 0.0,0.928 ± 0.0,0.883 ± 0.001,0.881 ± 0.001,0.887 ± 0.001
pubmedbert-base-embeddings,title-text-classification-token,0.817 ± 0.003,0.82 ± 0.002,0.815 ± 0.003,0.185 ± 0.003,0.831 ± 0.004,0.169 ± 0.004,0.898 ± 0.001,0.888 ± 0.002,0.955 ± 0.001,0.884 ± 0.002,0.781 ± 0.003,0.185 ± 0.001,0.051 ± 0.0,0.96 ± 0.001,0.04 ± 0.001,0.958 ± 0.001,0.042 ± 0.001,0.933 ± 0.001,0.933 ± 0.001,0.934 ± 0.001,0.933 ± 0.001,0.889 ± 0.001,0.894 ± 0.002,0.888 ± 0.002
BioLinkBERT-base,title-text-hidden-states,0.815 ± 0.002,0.823 ± 0.002,0.81 ± 0.002,0.19 ± 0.002,0.842 ± 0.003,0.158 ± 0.003,0.908 ± 0.002,0.887 ± 0.001,0.964 ± 0.001,0.883 ± 0.001,0.786 ± 0.003,0.172 ± 0.002,0.049 ± 0.001,0.963 ± 0.001,0.037 ± 0.001,0.957 ± 0.001,0.043 ± 0.001,0.935 ± 0.001,0.934 ± 0.001,0.935 ± 0.001,0.935 ± 0.001,0.892 ± 0.001,0.9 ± 0.002,0.887 ± 0.001
biobert-base-cased-v1.2,vector-weighted-average-2080-hidden-states,0.814 ± 0.003,0.815 ± 0.002,0.815 ± 0.003,0.185 ± 0.003,0.82 ± 0.002,0.18 ± 0.002,0.894 ± 0.003,0.886 ± 0.001,0.967 ± 0.0,0.882 ± 0.002,0.774 ± 0.002,0.179 ± 0.002,0.052 ± 0.001,0.957 ± 0.001,0.043 ± 0.001,0.957 ± 0.001,0.043 ± 0.001,0.93 ± 0.001,0.93 ± 0.001,0.931 ± 0.001,0.93 ± 0.001,0.886 ± 0.001,0.889 ± 0.001,0.886 ± 0.001
Bio-ClinicalBERT,vector-weighted-average-1090-hidden-states,0.812 ± 0.003,0.811 ± 0.003,0.814 ± 0.003,0.186 ± 0.003,0.817 ± 0.004,0.183 ± 0.004,0.899 ± 0.003,0.884 ± 0.002,0.962 ± 0.001,0.88 ± 0.002,0.77 ± 0.004,0.181 ± 0.002,0.052 ± 0.001,0.955 ± 0.001,0.045 ± 0.001,0.957 ± 0.001,0.043 ± 0.001,0.929 ± 0.001,0.929 ± 0.001,0.931 ± 0.001,0.929 ± 0.001,0.884 ± 0.002,0.887 ± 0.002,0.884 ± 0.002
BiomedNLP-BiomedBERT-base-uncased-abstract,vector-weighted-average-1090-classification-token,0.808 ± 0.003,0.809 ± 0.003,0.808 ± 0.003,0.192 ± 0.003,0.818 ± 0.003,0.182 ± 0.003,0.881 ± 0.004,0.883 ± 0.002,0.959 ± 0.001,0.878 ± 0.002,0.769 ± 0.004,0.21 ± 0.003,0.052 ± 0.001,0.957 ± 0.001,0.043 ± 0.001,0.956 ± 0.001,0.044 ± 0.001,0.929 ± 0.001,0.929 ± 0.001,0.93 ± 0.001,0.929 ± 0.001,0.883 ± 0.002,0.887 ± 0.002,0.883 ± 0.002
biobert-base-cased-v1.2,text-concatenation-hidden-states,0.808 ± 0.004,0.812 ± 0.002,0.806 ± 0.005,0.194 ± 0.005,0.824 ± 0.002,0.176 ± 0.002,0.888 ± 0.001,0.883 ± 0.002,0.962 ± 0.0,0.878 ± 0.002,0.772 ± 0.003,0.186 ± 0.001,0.053 ± 0.0,0.959 ± 0.001,0.041 ± 0.001,0.956 ± 0.001,0.044 ± 0.001,0.93 ± 0.001,0.93 ± 0.001,0.931 ± 0.001,0.93 ± 0.001,0.885 ± 0.001,0.89 ± 0.001,0.883 ± 0.002
SapBERT-from-PubMedBERT-fulltext,text-concatenation-hidden-states,0.806 ± 0.002,0.803 ± 0.002,0.809 ± 0.003,0.191 ± 0.003,0.804 ± 0.004,0.196 ± 0.004,0.895 ± 0.002,0.881 ± 0.001,0.961 ± 0.001,0.877 ± 0.001,0.76 ± 0.002,0.182 ± 0.001,0.053 ± 0.0,0.952 ± 0.001,0.048 ± 0.001,0.956 ± 0.001,0.044 ± 0.001,0.926 ± 0.001,0.926 ± 0.001,0.927 ± 0.001,0.926 ± 0.001,0.879 ± 0.001,0.88 ± 0.002,0.881 ± 0.001
Bio-ClinicalBERT,vector-weighted-average-4060-hidden-states,0.806 ± 0.003,0.81 ± 0.003,0.804 ± 0.003,0.196 ± 0.003,0.821 ± 0.004,0.179 ± 0.004,0.902 ± 0.003,0.881 ± 0.002,0.96 ± 0.001,0.877 ± 0.002,0.769 ± 0.004,0.178 ± 0.003,0.05 ± 0.001,0.959 ± 0.001,0.041 ± 0.001,0.955 ± 0.001,0.045 ± 0.001,0.93 ± 0.001,0.929 ± 0.001,0.93 ± 0.001,0.93 ± 0.001,0.884 ± 0.002,0.888 ± 0.002,0.881 ± 0.002
all-mpnet-base-v2,vector-weighted-average-1090-classification-token,0.805 ± 0.001,0.79 ± 0.002,0.816 ± 0.001,0.184 ± 0.001,0.771 ± 0.003,0.229 ± 0.003,0.874 ± 0.001,0.879 ± 0.001,0.95 ± 0.0,0.876 ± 0.001,0.742 ± 0.002,0.202 ± 0.001,0.057 ± 0.0,0.943 ± 0.001,0.057 ± 0.001,0.957 ± 0.0,0.043 ± 0.0,0.919 ± 0.001,0.92 ± 0.001,0.922 ± 0.001,0.919 ± 0.001,0.87 ± 0.001,0.864 ± 0.002,0.879 ± 0.001
Bio-ClinicalBERT,text-concatenation-hidden-states,0.804 ± 0.002,0.808 ± 0.002,0.803 ± 0.002,0.197 ± 0.002,0.818 ± 0.003,0.182 ± 0.003,0.894 ± 0.001,0.88 ± 0.001,0.959 ± 0.0,0.876 ± 0.001,0.766 ± 0.003,0.188 ± 0.001,0.053 ± 0.0,0.957 ± 0.001,0.043 ± 0.001,0.955 ± 0.0,0.045 ± 0.0,0.928 ± 0.001,0.928 ± 0.001,0.929 ± 0.001,0.928 ± 0.001,0.882 ± 0.001,0.886 ± 0.001,0.88 ± 0.001
BiomedNLP-BiomedBERT-base-uncased-abstract,abstract-text-classification-token,0.804 ± 0.003,0.804 ± 0.003,0.806 ± 0.004,0.194 ± 0.004,0.808 ± 0.003,0.192 ± 0.003,0.865 ± 0.002,0.88 ± 0.002,0.952 ± 0.0,0.876 ± 0.002,0.761 ± 0.003,0.237 ± 0.002,0.055 ± 0.0,0.955 ± 0.001,0.045 ± 0.001,0.955 ± 0.001,0.045 ± 0.001,0.927 ± 0.001,0.926 ± 0.001,0.928 ± 0.001,0.927 ± 0.001,0.879 ± 0.002,0.882 ± 0.001,0.88 ± 0.002
SapBERT-from-PubMedBERT-fulltext,text-concatenation-classification-token,0.802 ± 0.002,0.807 ± 0.002,0.799 ± 0.003,0.201 ± 0.003,0.822 ± 0.004,0.178 ± 0.004,0.89 ± 0.002,0.879 ± 0.001,0.959 ± 0.001,0.874 ± 0.001,0.766 ± 0.003,0.186 ± 0.001,0.053 ± 0.0,0.958 ± 0.001,0.042 ± 0.001,0.954 ± 0.001,0.046 ± 0.001,0.928 ± 0.001,0.928 ± 0.001,0.929 ± 0.001,0.928 ± 0.001,0.882 ± 0.001,0.888 ± 0.002,0.879 ± 0.001
SapBERT-from-PubMedBERT-fulltext,vector-weighted-average-2080-classification-token,0.801 ± 0.001,0.798 ± 0.001,0.805 ± 0.002,0.195 ± 0.002,0.798 ± 0.002,0.202 ± 0.002,0.884 ± 0.001,0.878 ± 0.001,0.957 ± 0.001,0.873 ± 0.001,0.753 ± 0.002,0.192 ± 0.001,0.055 ± 0.0,0.951 ± 0.001,0.049 ± 0.001,0.955 ± 0.0,0.045 ± 0.0,0.923 ± 0.0,0.923 ± 0.0,0.926 ± 0.001,0.923 ± 0.0,0.875 ± 0.001,0.877 ± 0.001,0.878 ± 0.001
biobert-base-cased-v1.2,vector-weighted-average-1090-hidden-states,0.799 ± 0.003,0.793 ± 0.002,0.804 ± 0.003,0.196 ± 0.003,0.787 ± 0.003,0.213 ± 0.003,0.87 ± 0.004,0.876 ± 0.002,0.958 ± 0.001,0.872 ± 0.002,0.746 ± 0.003,0.199 ± 0.002,0.058 ± 0.001,0.948 ± 0.001,0.052 ± 0.001,0.955 ± 0.001,0.045 ± 0.001,0.921 ± 0.001,0.921 ± 0.001,0.923 ± 0.001,0.921 ± 0.001,0.872 ± 0.001,0.871 ± 0.002,0.876 ± 0.002
Bio-ClinicalBERT,abstract-text-hidden-states,0.799 ± 0.001,0.806 ± 0.001,0.796 ± 0.001,0.204 ± 0.001,0.827 ± 0.003,0.173 ± 0.003,0.899 ± 0.001,0.878 ± 0.001,0.964 ± 0.0,0.872 ± 0.001,0.766 ± 0.002,0.178 ± 0.001,0.052 ± 0.0,0.959 ± 0.001,0.041 ± 0.001,0.954 ± 0.0,0.046 ± 0.0,0.929 ± 0.001,0.928 ± 0.0,0.93 ± 0.001,0.929 ± 0.001,0.881 ± 0.001,0.89 ± 0.002,0.878 ± 0.001
SapBERT-from-PubMedBERT-fulltext,vector-weighted-average-1090-hidden-states,0.798 ± 0.004,0.789 ± 0.004,0.805 ± 0.004,0.195 ± 0.004,0.779 ± 0.005,0.221 ± 0.005,0.87 ± 0.003,0.875 ± 0.002,0.953 ± 0.001,0.871 ± 0.002,0.741 ± 0.005,0.202 ± 0.002,0.059 ± 0.001,0.945 ± 0.001,0.055 ± 0.001,0.955 ± 0.001,0.045 ± 0.001,0.919 ± 0.001,0.919 ± 0.001,0.922 ± 0.002,0.919 ± 0.001,0.869 ± 0.002,0.867 ± 0.003,0.875 ± 0.002
SapBERT-from-PubMedBERT-fulltext,title-text-hidden-states,0.797 ± 0.002,0.8 ± 0.002,0.795 ± 0.003,0.205 ± 0.003,0.809 ± 0.003,0.191 ± 0.003,0.886 ± 0.002,0.875 ± 0.001,0.954 ± 0.001,0.871 ± 0.002,0.756 ± 0.002,0.193 ± 0.002,0.055 ± 0.0,0.955 ± 0.001,0.045 ± 0.001,0.953 ± 0.001,0.047 ± 0.001,0.925 ± 0.001,0.925 ± 0.001,0.926 ± 0.001,0.925 ± 0.001,0.877 ± 0.001,0.881 ± 0.002,0.875 ± 0.001
bert-base-uncased,vector-concatenation-hidden-states,0.796 ± 0.004,0.807 ± 0.003,0.79 ± 0.004,0.21 ± 0.004,0.829 ± 0.004,0.171 ± 0.004,0.89 ± 0.003,0.876 ± 0.002,0.963 ± 0.001,0.871 ± 0.002,0.766 ± 0.004,0.185 ± 0.001,0.054 ± 0.0,0.961 ± 0.001,0.039 ± 0.001,0.952 ± 0.001,0.048 ± 0.001,0.929 ± 0.001,0.928 ± 0.001,0.929 ± 0.001,0.929 ± 0.001,0.882 ± 0.002,0.891 ± 0.002,0.876 ± 0.002
biobert-base-cased-v1.2,vector-concatenation-classification-token,0.795 ± 0.002,0.788 ± 0.003,0.801 ± 0.002,0.199 ± 0.002,0.782 ± 0.004,0.218 ± 0.004,0.872 ± 0.002,0.874 ± 0.001,0.955 ± 0.001,0.87 ± 0.001,0.741 ± 0.003,0.209 ± 0.002,0.059 ± 0.001,0.946 ± 0.001,0.054 ± 0.001,0.954 ± 0.0,0.046 ± 0.0,0.919 ± 0.001,0.919 ± 0.001,0.922 ± 0.001,0.919 ± 0.001,0.869 ± 0.002,0.868 ± 0.002,0.874 ± 0.001
bert-base-uncased,vector-weighted-average-3070-hidden-states,0.793 ± 0.003,0.792 ± 0.003,0.795 ± 0.004,0.205 ± 0.004,0.795 ± 0.003,0.205 ± 0.003,0.874 ± 0.003,0.873 ± 0.002,0.961 ± 0.001,0.868 ± 0.002,0.746 ± 0.004,0.197 ± 0.001,0.059 ± 0.0,0.951 ± 0.001,0.049 ± 0.001,0.953 ± 0.001,0.047 ± 0.001,0.922 ± 0.001,0.922 ± 0.001,0.923 ± 0.001,0.922 ± 0.001,0.872 ± 0.002,0.874 ± 0.002,0.873 ± 0.002
pubmedbert-base-embeddings,title-text-hidden-states,0.791 ± 0.002,0.801 ± 0.002,0.787 ± 0.003,0.213 ± 0.003,0.822 ± 0.004,0.178 ± 0.004,0.897 ± 0.002,0.873 ± 0.001,0.957 ± 0.001,0.867 ± 0.001,0.758 ± 0.003,0.185 ± 0.001,0.052 ± 0.0,0.959 ± 0.001,0.041 ± 0.001,0.951 ± 0.001,0.049 ± 0.001,0.927 ± 0.001,0.926 ± 0.001,0.927 ± 0.001,0.927 ± 0.001,0.878 ± 0.001,0.887 ± 0.002,0.873 ± 0.001
biobert-base-cased-v1.2,vector-average-classification-token,0.791 ± 0.002,0.783 ± 0.002,0.798 ± 0.002,0.202 ± 0.002,0.777 ± 0.004,0.223 ± 0.004,0.875 ± 0.002,0.871 ± 0.001,0.953 ± 0.001,0.867 ± 0.001,0.735 ± 0.003,0.203 ± 0.002,0.059 ± 0.0,0.945 ± 0.001,0.055 ± 0.001,0.953 ± 0.001,0.047 ± 0.001,0.917 ± 0.001,0.918 ± 0.001,0.92 ± 0.001,0.917 ± 0.001,0.866 ± 0.001,0.865 ± 0.002,0.871 ± 0.001
biobert-base-cased-v1.2,vector-sum-classification-token,0.791 ± 0.002,0.783 ± 0.002,0.798 ± 0.002,0.202 ± 0.002,0.777 ± 0.004,0.223 ± 0.004,0.875 ± 0.002,0.871 ± 0.001,0.953 ± 0.001,0.867 ± 0.001,0.735 ± 0.003,0.203 ± 0.002,0.059 ± 0.0,0.945 ± 0.001,0.055 ± 0.001,0.953 ± 0.001,0.047 ± 0.001,0.917 ± 0.001,0.918 ± 0.001,0.92 ± 0.001,0.917 ± 0.001,0.866 ± 0.001,0.865 ± 0.002,0.871 ± 0.001
scibert-scivocab-uncased,vector-weighted-average-3070-classification-token,0.791 ± 0.002,0.783 ± 0.002,0.798 ± 0.003,0.202 ± 0.003,0.774 ± 0.002,0.226 ± 0.002,0.864 ± 0.002,0.871 ± 0.001,0.946 ± 0.001,0.867 ± 0.001,0.734 ± 0.003,0.219 ± 0.001,0.06 ± 0.0,0.944 ± 0.001,0.056 ± 0.001,0.953 ± 0.001,0.047 ± 0.001,0.917 ± 0.001,0.917 ± 0.001,0.92 ± 0.001,0.917 ± 0.001,0.866 ± 0.001,0.864 ± 0.001,0.871 ± 0.001
biobert-base-cased-v1.2,vector-weighted-average-4060-classification-token,0.79 ± 0.004,0.776 ± 0.004,0.802 ± 0.005,0.198 ± 0.005,0.76 ± 0.003,0.24 ± 0.003,0.865 ± 0.003,0.87 ± 0.003,0.951 ± 0.001,0.866 ± 0.003,0.726 ± 0.005,0.211 ± 0.002,0.061 ± 0.001,0.939 ± 0.001,0.061 ± 0.001,0.954 ± 0.001,0.046 ± 0.001,0.913 ± 0.001,0.914 ± 0.001,0.918 ± 0.001,0.913 ± 0.001,0.861 ± 0.002,0.857 ± 0.002,0.87 ± 0.003
S-PubMedBert-MS-MARCO,title-text-hidden-states,0.79 ± 0.003,0.792 ± 0.002,0.79 ± 0.003,0.21 ± 0.003,0.804 ± 0.003,0.196 ± 0.003,0.876 ± 0.001,0.872 ± 0.002,0.952 ± 0.001,0.866 ± 0.002,0.748 ± 0.003,0.204 ± 0.001,0.058 ± 0.0,0.954 ± 0.001,0.046 ± 0.001,0.952 ± 0.001,0.048 ± 0.001,0.923 ± 0.001,0.922 ± 0.001,0.924 ± 0.001,0.923 ± 0.001,0.873 ± 0.001,0.878 ± 0.001,0.872 ± 0.002
scibert-scivocab-uncased,vector-average-classification-token,0.789 ± 0.001,0.792 ± 0.001,0.789 ± 0.002,0.211 ± 0.002,0.799 ± 0.002,0.201 ± 0.002,0.882 ± 0.002,0.871 ± 0.001,0.954 ± 0.001,0.866 ± 0.001,0.745 ± 0.002,0.198 ± 0.001,0.056 ± 0.0,0.953 ± 0.0,0.047 ± 0.0,0.951 ± 0.0,0.049 ± 0.0,0.922 ± 0.0,0.922 ± 0.0,0.923 ± 0.001,0.922 ± 0.0,0.872 ± 0.001,0.875 ± 0.001,0.871 ± 0.001
scibert-scivocab-uncased,vector-sum-classification-token,0.789 ± 0.001,0.792 ± 0.001,0.789 ± 0.002,0.211 ± 0.002,0.799 ± 0.002,0.201 ± 0.002,0.882 ± 0.002,0.871 ± 0.001,0.954 ± 0.001,0.866 ± 0.001,0.745 ± 0.002,0.198 ± 0.001,0.056 ± 0.0,0.953 ± 0.0,0.047 ± 0.0,0.951 ± 0.0,0.049 ± 0.0,0.922 ± 0.0,0.922 ± 0.0,0.923 ± 0.001,0.922 ± 0.0,0.872 ± 0.001,0.875 ± 0.001,0.871 ± 0.001
Bio-ClinicalBERT,vector-average-hidden-states,0.789 ± 0.003,0.795 ± 0.003,0.786 ± 0.003,0.214 ± 0.003,0.808 ± 0.003,0.192 ± 0.003,0.887 ± 0.002,0.871 ± 0.002,0.954 ± 0.001,0.866 ± 0.002,0.75 ± 0.004,0.192 ± 0.002,0.055 ± 0.001,0.956 ± 0.001,0.044 ± 0.001,0.951 ± 0.001,0.049 ± 0.001,0.924 ± 0.001,0.924 ± 0.001,0.924 ± 0.001,0.924 ± 0.001,0.874 ± 0.002,0.88 ± 0.002,0.871 ± 0.002
Bio-ClinicalBERT,vector-sum-hidden-states,0.789 ± 0.003,0.795 ± 0.003,0.786 ± 0.003,0.214 ± 0.003,0.808 ± 0.003,0.192 ± 0.003,0.887 ± 0.002,0.871 ± 0.002,0.954 ± 0.001,0.866 ± 0.002,0.75 ± 0.004,0.192 ± 0.002,0.055 ± 0.001,0.956 ± 0.001,0.044 ± 0.001,0.951 ± 0.001,0.049 ± 0.001,0.924 ± 0.001,0.924 ± 0.001,0.924 ± 0.001,0.924 ± 0.001,0.874 ± 0.002,0.88 ± 0.002,0.871 ± 0.002
scibert-scivocab-uncased,vector-weighted-average-4060-classification-token,0.789 ± 0.003,0.785 ± 0.002,0.792 ± 0.003,0.208 ± 0.003,0.783 ± 0.003,0.217 ± 0.003,0.87 ± 0.003,0.87 ± 0.002,0.95 ± 0.001,0.866 ± 0.002,0.737 ± 0.003,0.208 ± 0.001,0.058 ± 0.0,0.948 ± 0.001,0.052 ± 0.001,0.952 ± 0.001,0.048 ± 0.001,0.918 ± 0.001,0.919 ± 0.001,0.92 ± 0.001,0.918 ± 0.001,0.867 ± 0.002,0.868 ± 0.002,0.87 ± 0.002
BiomedNLP-BiomedBERT-base-uncased-abstract,title-text-classification-token,0.786 ± 0.002,0.778 ± 0.004,0.792 ± 0.001,0.208 ± 0.001,0.773 ± 0.007,0.227 ± 0.007,0.858 ± 0.005,0.868 ± 0.001,0.947 ± 0.0,0.863 ± 0.001,0.729 ± 0.005,0.217 ± 0.004,0.06 ± 0.001,0.943 ± 0.002,0.057 ± 0.002,0.952 ± 0.0,0.048 ± 0.0,0.915 ± 0.002,0.916 ± 0.002,0.918 ± 0.002,0.915 ± 0.002,0.863 ± 0.002,0.862 ± 0.004,0.868 ± 0.001
biobert-base-cased-v1.2,vector-weighted-average-3070-classification-token,0.785 ± 0.002,0.768 ± 0.001,0.798 ± 0.003,0.202 ± 0.003,0.75 ± 0.003,0.25 ± 0.003,0.853 ± 0.001,0.867 ± 0.001,0.946 ± 0.001,0.862 ± 0.001,0.716 ± 0.001,0.221 ± 0.001,0.064 ± 0.0,0.936 ± 0.001,0.064 ± 0.001,0.953 ± 0.001,0.047 ± 0.001,0.91 ± 0.0,0.911 ± 0.0,0.915 ± 0.0,0.91 ± 0.0,0.856 ± 0.001,0.851 ± 0.001,0.867 ± 0.001
biobert-base-cased-v1.2,abstract-text-hidden-states,0.785 ± 0.003,0.793 ± 0.003,0.78 ± 0.004,0.22 ± 0.004,0.814 ± 0.004,0.186 ± 0.004,0.869 ± 0.002,0.869 ± 0.002,0.958 ± 0.0,0.863 ± 0.002,0.749 ± 0.003,0.2 ± 0.001,0.058 ± 0.0,0.957 ± 0.001,0.043 ± 0.001,0.95 ± 0.001,0.05 ± 0.001,0.924 ± 0.001,0.923 ± 0.001,0.924 ± 0.001,0.924 ± 0.001,0.873 ± 0.002,0.882 ± 0.002,0.869 ± 0.002
bert-base-uncased,vector-weighted-average-2080-hidden-states,0.78 ± 0.003,0.779 ± 0.003,0.781 ± 0.003,0.219 ± 0.003,0.785 ± 0.003,0.215 ± 0.003,0.871 ± 0.004,0.865 ± 0.002,0.96 ± 0.001,0.859 ± 0.002,0.731 ± 0.003,0.199 ± 0.002,0.059 ± 0.001,0.949 ± 0.001,0.051 ± 0.001,0.95 ± 0.001,0.05 ± 0.001,0.917 ± 0.001,0.917 ± 0.001,0.919 ± 0.001,0.917 ± 0.001,0.864 ± 0.002,0.867 ± 0.002,0.865 ± 0.002
Bio-ClinicalBERT,text-concatenation-classification-token,0.779 ± 0.003,0.767 ± 0.003,0.789 ± 0.004,0.211 ± 0.004,0.753 ± 0.005,0.247 ± 0.005,0.85 ± 0.002,0.864 ± 0.001,0.948 ± 0.001,0.859 ± 0.002,0.714 ± 0.003,0.224 ± 0.001,0.064 ± 0.0,0.938 ± 0.002,0.062 ± 0.002,0.951 ± 0.001,0.049 ± 0.001,0.91 ± 0.001,0.911 ± 0.001,0.914 ± 0.001,0.91 ± 0.001,0.856 ± 0.002,0.852 ± 0.003,0.864 ± 0.001
Bio-ClinicalBERT,vector-weighted-average-2080-classification-token,0.778 ± 0.004,0.758 ± 0.004,0.793 ± 0.004,0.207 ± 0.004,0.731 ± 0.004,0.269 ± 0.004,0.846 ± 0.003,0.862 ± 0.003,0.94 ± 0.001,0.858 ± 0.003,0.702 ± 0.005,0.231 ± 0.001,0.066 ± 0.001,0.93 ± 0.001,0.07 ± 0.001,0.951 ± 0.001,0.049 ± 0.001,0.905 ± 0.001,0.906 ± 0.001,0.91 ± 0.002,0.905 ± 0.001,0.849 ± 0.002,0.841 ± 0.002,0.862 ± 0.003
scibert-scivocab-uncased,vector-weighted-average-2080-classification-token,0.777 ± 0.002,0.767 ± 0.002,0.785 ± 0.003,0.215 ± 0.003,0.756 ± 0.002,0.244 ± 0.002,0.845 ± 0.002,0.862 ± 0.001,0.937 ± 0.001,0.858 ± 0.002,0.715 ± 0.002,0.234 ± 0.002,0.064 ± 0.0,0.94 ± 0.001,0.06 ± 0.001,0.95 ± 0.001,0.05 ± 0.001,0.911 ± 0.001,0.911 ± 0.001,0.914 ± 0.001,0.911 ± 0.001,0.856 ± 0.001,0.853 ± 0.001,0.862 ± 0.001
S-PubMedBert-MS-MARCO,title-text-classification-token,0.777 ± 0.003,0.769 ± 0.002,0.784 ± 0.004,0.216 ± 0.004,0.764 ± 0.003,0.236 ± 0.003,0.856 ± 0.003,0.863 ± 0.002,0.943 ± 0.001,0.858 ± 0.002,0.718 ± 0.003,0.22 ± 0.002,0.064 ± 0.001,0.941 ± 0.001,0.059 ± 0.001,0.95 ± 0.001,0.05 ± 0.001,0.912 ± 0.001,0.912 ± 0.001,0.915 ± 0.001,0.912 ± 0.001,0.857 ± 0.001,0.857 ± 0.002,0.863 ± 0.002
scibert-scivocab-uncased,title-text-hidden-states,0.777 ± 0.001,0.784 ± 0.001,0.774 ± 0.001,0.226 ± 0.001,0.799 ± 0.002,0.201 ± 0.002,0.885 ± 0.001,0.864 ± 0.0,0.95 ± 0.0,0.858 ± 0.001,0.737 ± 0.001,0.2 ± 0.001,0.055 ± 0.0,0.954 ± 0.001,0.046 ± 0.001,0.948 ± 0.0,0.052 ± 0.0,0.92 ± 0.0,0.919 ± 0.0,0.92 ± 0.0,0.92 ± 0.0,0.867 ± 0.0,0.874 ± 0.001,0.864 ± 0.0
bert-base-uncased,vector-weighted-average-4060-hidden-states,0.777 ± 0.003,0.777 ± 0.003,0.778 ± 0.004,0.222 ± 0.004,0.78 ± 0.002,0.22 ± 0.002,0.87 ± 0.003,0.863 ± 0.002,0.959 ± 0.0,0.858 ± 0.002,0.727 ± 0.003,0.199 ± 0.001,0.06 ± 0.0,0.948 ± 0.001,0.052 ± 0.001,0.949 ± 0.001,0.051 ± 0.001,0.916 ± 0.001,0.916 ± 0.001,0.917 ± 0.001,0.916 ± 0.001,0.862 ± 0.002,0.864 ± 0.001,0.863 ± 0.002
scibert-scivocab-uncased,title-text-classification-token,0.776 ± 0.003,0.779 ± 0.003,0.775 ± 0.003,0.225 ± 0.003,0.789 ± 0.004,0.211 ± 0.004,0.876 ± 0.003,0.863 ± 0.002,0.951 ± 0.001,0.858 ± 0.002,0.73 ± 0.004,0.201 ± 0.002,0.059 ± 0.001,0.95 ± 0.001,0.05 ± 0.001,0.948 ± 0.001,0.052 ± 0.001,0.917 ± 0.001,0.917 ± 0.001,0.918 ± 0.001,0.917 ± 0.001,0.864 ± 0.002,0.869 ± 0.002,0.863 ± 0.002
Bio-ClinicalBERT,vector-weighted-average-4060-classification-token,0.775 ± 0.003,0.77 ± 0.004,0.779 ± 0.003,0.221 ± 0.003,0.766 ± 0.006,0.234 ± 0.006,0.854 ± 0.004,0.861 ± 0.002,0.943 ± 0.001,0.856 ± 0.002,0.718 ± 0.005,0.223 ± 0.002,0.064 ± 0.001,0.943 ± 0.002,0.057 ± 0.002,0.949 ± 0.001,0.051 ± 0.001,0.912 ± 0.002,0.912 ± 0.002,0.914 ± 0.002,0.912 ± 0.002,0.858 ± 0.003,0.858 ± 0.003,0.861 ± 0.002
biobert-base-cased-v1.2,vector-weighted-average-2080-classification-token,0.774 ± 0.004,0.755 ± 0.003,0.79 ± 0.005,0.21 ± 0.005,0.732 ± 0.004,0.268 ± 0.004,0.844 ± 0.004,0.859 ± 0.003,0.942 ± 0.001,0.855 ± 0.003,0.699 ± 0.004,0.232 ± 0.001,0.066 ± 0.001,0.929 ± 0.001,0.071 ± 0.001,0.951 ± 0.001,0.049 ± 0.001,0.903 ± 0.001,0.905 ± 0.001,0.909 ± 0.001,0.903 ± 0.001,0.847 ± 0.002,0.841 ± 0.002,0.859 ± 0.003
SapBERT-from-PubMedBERT-fulltext,vector-weighted-average-1090-classification-token,0.773 ± 0.001,0.767 ± 0.001,0.778 ± 0.002,0.222 ± 0.002,0.763 ± 0.002,0.237 ± 0.002,0.857 ± 0.001,0.86 ± 0.001,0.947 ± 0.001,0.855 ± 0.001,0.715 ± 0.002,0.212 ± 0.001,0.062 ± 0.0,0.942 ± 0.001,0.058 ± 0.001,0.949 ± 0.0,0.051 ± 0.0,0.911 ± 0.001,0.912 ± 0.001,0.914 ± 0.001,0.911 ± 0.001,0.856 ± 0.001,0.856 ± 0.001,0.86 ± 0.001
bert-base-uncased,vector-average-hidden-states,0.772 ± 0.003,0.774 ± 0.003,0.772 ± 0.004,0.228 ± 0.004,0.783 ± 0.003,0.217 ± 0.003,0.866 ± 0.003,0.86 ± 0.002,0.955 ± 0.001,0.855 ± 0.002,0.725 ± 0.003,0.205 ± 0.001,0.061 ± 0.0,0.949 ± 0.001,0.051 ± 0.001,0.948 ± 0.001,0.052 ± 0.001,0.916 ± 0.001,0.915 ± 0.001,0.917 ± 0.001,0.916 ± 0.001,0.861 ± 0.002,0.865 ± 0.002,0.86 ± 0.002
bert-base-uncased,vector-sum-hidden-states,0.772 ± 0.003,0.774 ± 0.003,0.772 ± 0.004,0.228 ± 0.004,0.783 ± 0.003,0.217 ± 0.003,0.866 ± 0.003,0.86 ± 0.002,0.955 ± 0.001,0.855 ± 0.002,0.725 ± 0.003,0.205 ± 0.001,0.061 ± 0.0,0.949 ± 0.001,0.051 ± 0.001,0.948 ± 0.001,0.052 ± 0.001,0.916 ± 0.001,0.915 ± 0.001,0.917 ± 0.001,0.916 ± 0.001,0.861 ± 0.002,0.865 ± 0.002,0.86 ± 0.002
Bio-ClinicalBERT,vector-weighted-average-3070-classification-token,0.772 ± 0.004,0.763 ± 0.005,0.779 ± 0.003,0.221 ± 0.003,0.752 ± 0.007,0.248 ± 0.007,0.85 ± 0.003,0.859 ± 0.002,0.941 ± 0.001,0.854 ± 0.002,0.708 ± 0.006,0.226 ± 0.002,0.065 ± 0.001,0.938 ± 0.002,0.062 ± 0.002,0.949 ± 0.001,0.051 ± 0.001,0.909 ± 0.002,0.909 ± 0.002,0.912 ± 0.002,0.909 ± 0.002,0.853 ± 0.003,0.85 ± 0.004,0.859 ± 0.002
all-mpnet-base-v2,title-text-hidden-states,0.772 ± 0.004,0.775 ± 0.003,0.771 ± 0.005,0.229 ± 0.005,0.785 ± 0.002,0.215 ± 0.002,0.852 ± 0.003,0.861 ± 0.002,0.946 ± 0.001,0.855 ± 0.003,0.726 ± 0.004,0.216 ± 0.001,0.063 ± 0.0,0.95 ± 0.001,0.05 ± 0.001,0.947 ± 0.001,0.053 ± 0.001,0.916 ± 0.001,0.916 ± 0.001,0.917 ± 0.001,0.916 ± 0.001,0.862 ± 0.002,0.866 ± 0.001,0.861 ± 0.002
all-mpnet-base-v2,title-text-classification-token,0.771 ± 0.002,0.773 ± 0.002,0.771 ± 0.002,0.229 ± 0.002,0.78 ± 0.003,0.22 ± 0.003,0.847 ± 0.002,0.86 ± 0.001,0.939 ± 0.0,0.854 ± 0.001,0.723 ± 0.002,0.224 ± 0.001,0.064 ± 0.0,0.949 ± 0.001,0.051 ± 0.001,0.947 ± 0.0,0.053 ± 0.0,0.915 ± 0.001,0.915 ± 0.001,0.916 ± 0.001,0.915 ± 0.001,0.86 ± 0.001,0.864 ± 0.001,0.86 ± 0.001
Bio-ClinicalBERT,vector-concatenation-classification-token,0.771 ± 0.003,0.775 ± 0.004,0.769 ± 0.003,0.231 ± 0.003,0.788 ± 0.005,0.212 ± 0.005,0.859 ± 0.003,0.86 ± 0.002,0.948 ± 0.001,0.854 ± 0.002,0.726 ± 0.005,0.21 ± 0.002,0.061 ± 0.001,0.95 ± 0.001,0.05 ± 0.001,0.947 ± 0.001,0.053 ± 0.001,0.916 ± 0.002,0.916 ± 0.001,0.917 ± 0.002,0.916 ± 0.002,0.862 ± 0.002,0.868 ± 0.003,0.86 ± 0.002
Bio-ClinicalBERT,vector-average-classification-token,0.77 ± 0.004,0.767 ± 0.005,0.773 ± 0.005,0.227 ± 0.005,0.768 ± 0.006,0.232 ± 0.006,0.851 ± 0.005,0.858 ± 0.003,0.942 ± 0.001,0.853 ± 0.003,0.715 ± 0.006,0.224 ± 0.002,0.064 ± 0.001,0.944 ± 0.002,0.056 ± 0.002,0.947 ± 0.001,0.053 ± 0.001,0.912 ± 0.002,0.912 ± 0.002,0.914 ± 0.002,0.912 ± 0.002,0.856 ± 0.003,0.858 ± 0.004,0.858 ± 0.003
Bio-ClinicalBERT,vector-sum-classification-token,0.77 ± 0.004,0.767 ± 0.005,0.773 ± 0.005,0.227 ± 0.005,0.768 ± 0.006,0.232 ± 0.006,0.851 ± 0.005,0.858 ± 0.003,0.942 ± 0.001,0.853 ± 0.003,0.715 ± 0.006,0.224 ± 0.002,0.064 ± 0.001,0.944 ± 0.002,0.056 ± 0.002,0.947 ± 0.001,0.053 ± 0.001,0.912 ± 0.002,0.912 ± 0.002,0.914 ± 0.002,0.912 ± 0.002,0.856 ± 0.003,0.858 ± 0.004,0.858 ± 0.003
bert-base-uncased,text-concatenation-hidden-states,0.768 ± 0.001,0.767 ± 0.001,0.77 ± 0.001,0.23 ± 0.001,0.771 ± 0.002,0.229 ± 0.002,0.84 ± 0.001,0.858 ± 0.001,0.946 ± 0.001,0.852 ± 0.001,0.716 ± 0.001,0.228 ± 0.001,0.063 ± 0.0,0.946 ± 0.001,0.054 ± 0.001,0.947 ± 0.0,0.053 ± 0.0,0.913 ± 0.0,0.912 ± 0.0,0.914 ± 0.0,0.913 ± 0.0,0.857 ± 0.001,0.859 ± 0.001,0.858 ± 0.001
bert-base-uncased,vector-weighted-average-1090-hidden-states,0.765 ± 0.003,0.762 ± 0.002,0.767 ± 0.003,0.233 ± 0.003,0.763 ± 0.001,0.237 ± 0.001,0.849 ± 0.003,0.855 ± 0.002,0.953 ± 0.001,0.85 ± 0.002,0.709 ± 0.002,0.213 ± 0.002,0.063 ± 0.0,0.944 ± 0.001,0.056 ± 0.001,0.946 ± 0.001,0.054 ± 0.001,0.911 ± 0.0,0.911 ± 0.0,0.912 ± 0.001,0.911 ± 0.0,0.854 ± 0.001,0.854 ± 0.001,0.855 ± 0.002
BioLinkBERT-base,title-text-classification-token,0.761 ± 0.004,0.759 ± 0.004,0.764 ± 0.004,0.236 ± 0.004,0.761 ± 0.006,0.239 ± 0.006,0.846 ± 0.004,0.854 ± 0.002,0.945 ± 0.001,0.848 ± 0.002,0.706 ± 0.006,0.22 ± 0.002,0.064 ± 0.001,0.943 ± 0.001,0.057 ± 0.001,0.946 ± 0.001,0.054 ± 0.001,0.909 ± 0.002,0.909 ± 0.002,0.911 ± 0.002,0.909 ± 0.002,0.852 ± 0.003,0.853 ± 0.003,0.854 ± 0.002
Bio-ClinicalBERT,vector-weighted-average-1090-classification-token,0.758 ± 0.003,0.735 ± 0.003,0.776 ± 0.003,0.224 ± 0.003,0.706 ± 0.004,0.294 ± 0.004,0.825 ± 0.004,0.85 ± 0.002,0.933 ± 0.001,0.844 ± 0.002,0.675 ± 0.004,0.246 ± 0.002,0.072 ± 0.001,0.923 ± 0.001,0.077 ± 0.001,0.947 ± 0.001,0.053 ± 0.001,0.896 ± 0.001,0.897 ± 0.001,0.902 ± 0.001,0.896 ± 0.001,0.835 ± 0.002,0.827 ± 0.002,0.85 ± 0.002
Bio-ClinicalBERT,abstract-text-classification-token,0.758 ± 0.002,0.752 ± 0.002,0.764 ± 0.002,0.236 ± 0.002,0.756 ± 0.005,0.244 ± 0.005,0.856 ± 0.003,0.852 ± 0.001,0.944 ± 0.001,0.844 ± 0.001,0.701 ± 0.004,0.224 ± 0.002,0.065 ± 0.001,0.94 ± 0.002,0.06 ± 0.002,0.946 ± 0.001,0.054 ± 0.001,0.907 ± 0.001,0.907 ± 0.001,0.91 ± 0.001,0.907 ± 0.001,0.847 ± 0.002,0.851 ± 0.003,0.852 ± 0.001
bert-base-uncased,abstract-text-hidden-states,0.755 ± 0.002,0.755 ± 0.002,0.757 ± 0.003,0.243 ± 0.003,0.76 ± 0.003,0.24 ± 0.003,0.823 ± 0.002,0.85 ± 0.001,0.943 ± 0.001,0.843 ± 0.002,0.701 ± 0.002,0.234 ± 0.001,0.068 ± 0.0,0.943 ± 0.001,0.057 ± 0.001,0.944 ± 0.0,0.056 ± 0.0,0.908 ± 0.0,0.908 ± 0.001,0.909 ± 0.0,0.908 ± 0.0,0.849 ± 0.001,0.852 ± 0.001,0.85 ± 0.001
SapBERT-from-PubMedBERT-fulltext,title-text-classification-token,0.752 ± 0.003,0.749 ± 0.002,0.756 ± 0.004,0.244 ± 0.004,0.748 ± 0.003,0.252 ± 0.003,0.843 ± 0.002,0.848 ± 0.002,0.932 ± 0.0,0.841 ± 0.002,0.693 ± 0.003,0.233 ± 0.001,0.067 ± 0.0,0.939 ± 0.001,0.061 ± 0.001,0.944 ± 0.001,0.056 ± 0.001,0.905 ± 0.001,0.905 ± 0.001,0.907 ± 0.001,0.905 ± 0.001,0.845 ± 0.001,0.846 ± 0.002,0.848 ± 0.002
scibert-scivocab-uncased,vector-weighted-average-1090-classification-token,0.749 ± 0.004,0.74 ± 0.003,0.757 ± 0.005,0.243 ± 0.005,0.729 ± 0.002,0.271 ± 0.002,0.83 ± 0.003,0.845 ± 0.002,0.926 ± 0.001,0.839 ± 0.002,0.68 ± 0.003,0.251 ± 0.002,0.07 ± 0.0,0.933 ± 0.001,0.067 ± 0.001,0.944 ± 0.001,0.056 ± 0.001,0.9 ± 0.001,0.901 ± 0.001,0.903 ± 0.001,0.9 ± 0.001,0.839 ± 0.001,0.836 ± 0.001,0.845 ± 0.002
bert-base-uncased,vector-concatenation-classification-token,0.747 ± 0.003,0.746 ± 0.003,0.748 ± 0.004,0.252 ± 0.004,0.748 ± 0.004,0.252 ± 0.004,0.832 ± 0.003,0.844 ± 0.002,0.939 ± 0.001,0.838 ± 0.002,0.689 ± 0.004,0.235 ± 0.001,0.068 ± 0.0,0.94 ± 0.001,0.06 ± 0.001,0.942 ± 0.001,0.058 ± 0.001,0.904 ± 0.001,0.904 ± 0.001,0.905 ± 0.001,0.904 ± 0.001,0.843 ± 0.002,0.845 ± 0.002,0.844 ± 0.002
biobert-base-cased-v1.2,vector-weighted-average-1090-classification-token,0.745 ± 0.007,0.72 ± 0.004,0.764 ± 0.009,0.236 ± 0.009,0.69 ± 0.002,0.31 ± 0.002,0.802 ± 0.003,0.841 ± 0.004,0.924 ± 0.001,0.835 ± 0.004,0.656 ± 0.005,0.263 ± 0.002,0.076 ± 0.001,0.917 ± 0.001,0.083 ± 0.001,0.944 ± 0.002,0.056 ± 0.002,0.888 ± 0.001,0.891 ± 0.001,0.897 ± 0.002,0.888 ± 0.001,0.825 ± 0.002,0.817 ± 0.001,0.841 ± 0.004
biobert-base-cased-v1.2,title-text-hidden-states,0.744 ± 0.003,0.746 ± 0.003,0.745 ± 0.003,0.255 ± 0.003,0.753 ± 0.003,0.247 ± 0.003,0.841 ± 0.003,0.843 ± 0.002,0.936 ± 0.001,0.836 ± 0.002,0.69 ± 0.004,0.23 ± 0.001,0.066 ± 0.001,0.942 ± 0.001,0.058 ± 0.001,0.941 ± 0.001,0.059 ± 0.001,0.905 ± 0.001,0.905 ± 0.001,0.906 ± 0.001,0.905 ± 0.001,0.844 ± 0.002,0.847 ± 0.002,0.843 ± 0.002
scibert-scivocab-uncased,text-concatenation-classification-token,0.743 ± 0.004,0.733 ± 0.003,0.751 ± 0.005,0.249 ± 0.005,0.719 ± 0.004,0.281 ± 0.004,0.825 ± 0.004,0.841 ± 0.002,0.928 ± 0.001,0.835 ± 0.003,0.671 ± 0.004,0.247 ± 0.002,0.07 ± 0.001,0.931 ± 0.002,0.069 ± 0.002,0.942 ± 0.001,0.058 ± 0.001,0.898 ± 0.001,0.898 ± 0.001,0.9 ± 0.001,0.898 ± 0.001,0.835 ± 0.002,0.831 ± 0.002,0.841 ± 0.002
bert-base-uncased,vector-average-classification-token,0.733 ± 0.005,0.713 ± 0.004,0.749 ± 0.005,0.251 ± 0.005,0.685 ± 0.003,0.315 ± 0.003,0.78 ± 0.003,0.833 ± 0.003,0.923 ± 0.001,0.828 ± 0.003,0.645 ± 0.005,0.266 ± 0.002,0.078 ± 0.001,0.917 ± 0.001,0.083 ± 0.001,0.94 ± 0.001,0.06 ± 0.001,0.886 ± 0.002,0.888 ± 0.002,0.892 ± 0.001,0.886 ± 0.002,0.821 ± 0.002,0.813 ± 0.002,0.833 ± 0.003
bert-base-uncased,vector-sum-classification-token,0.733 ± 0.005,0.713 ± 0.004,0.749 ± 0.005,0.251 ± 0.005,0.685 ± 0.003,0.315 ± 0.003,0.78 ± 0.003,0.833 ± 0.003,0.923 ± 0.001,0.828 ± 0.003,0.645 ± 0.005,0.266 ± 0.002,0.078 ± 0.001,0.917 ± 0.001,0.083 ± 0.001,0.94 ± 0.001,0.06 ± 0.001,0.886 ± 0.002,0.888 ± 0.002,0.892 ± 0.001,0.886 ± 0.002,0.821 ± 0.002,0.813 ± 0.002,0.833 ± 0.003
bert-base-uncased,title-text-hidden-states,0.731 ± 0.002,0.73 ± 0.001,0.734 ± 0.003,0.266 ± 0.003,0.732 ± 0.003,0.268 ± 0.003,0.829 ± 0.003,0.835 ± 0.001,0.933 ± 0.001,0.828 ± 0.001,0.669 ± 0.002,0.238 ± 0.001,0.07 ± 0.0,0.936 ± 0.001,0.064 ± 0.001,0.938 ± 0.001,0.062 ± 0.001,0.898 ± 0.0,0.898 ± 0.0,0.9 ± 0.001,0.898 ± 0.0,0.833 ± 0.001,0.835 ± 0.001,0.835 ± 0.001
scibert-scivocab-uncased,abstract-text-classification-token,0.728 ± 0.003,0.723 ± 0.002,0.734 ± 0.005,0.266 ± 0.005,0.718 ± 0.003,0.282 ± 0.003,0.802 ± 0.002,0.832 ± 0.002,0.913 ± 0.001,0.825 ± 0.002,0.66 ± 0.003,0.272 ± 0.001,0.077 ± 0.0,0.931 ± 0.002,0.069 ± 0.002,0.938 ± 0.001,0.062 ± 0.001,0.894 ± 0.001,0.895 ± 0.001,0.897 ± 0.001,0.894 ± 0.001,0.828 ± 0.001,0.828 ± 0.002,0.832 ± 0.002
biobert-base-cased-v1.2,text-concatenation-classification-token,0.726 ± 0.001,0.705 ± 0.002,0.743 ± 0.003,0.257 ± 0.003,0.678 ± 0.005,0.322 ± 0.005,0.784 ± 0.002,0.829 ± 0.001,0.904 ± 0.001,0.823 ± 0.001,0.637 ± 0.003,0.301 ± 0.004,0.079 ± 0.001,0.916 ± 0.003,0.084 ± 0.003,0.939 ± 0.001,0.061 ± 0.001,0.883 ± 0.002,0.885 ± 0.001,0.89 ± 0.001,0.883 ± 0.002,0.816 ± 0.002,0.809 ± 0.002,0.829 ± 0.001
bert-base-uncased,vector-weighted-average-4060-classification-token,0.719 ± 0.004,0.695 ± 0.004,0.738 ± 0.004,0.262 ± 0.004,0.661 ± 0.006,0.339 ± 0.006,0.767 ± 0.004,0.824 ± 0.002,0.916 ± 0.003,0.818 ± 0.002,0.622 ± 0.005,0.279 ± 0.004,0.082 ± 0.001,0.91 ± 0.003,0.09 ± 0.003,0.938 ± 0.001,0.062 ± 0.001,0.877 ± 0.002,0.88 ± 0.002,0.886 ± 0.002,0.877 ± 0.002,0.809 ± 0.003,0.8 ± 0.003,0.824 ± 0.002
Bio-ClinicalBERT,title-text-hidden-states,0.718 ± 0.002,0.723 ± 0.002,0.716 ± 0.003,0.284 ± 0.003,0.738 ± 0.003,0.262 ± 0.003,0.804 ± 0.001,0.827 ± 0.001,0.913 ± 0.001,0.819 ± 0.001,0.663 ± 0.003,0.259 ± 0.001,0.074 ± 0.0,0.939 ± 0.001,0.061 ± 0.001,0.935 ± 0.001,0.065 ± 0.001,0.897 ± 0.001,0.896 ± 0.001,0.898 ± 0.001,0.897 ± 0.001,0.83 ± 0.001,0.836 ± 0.002,0.827 ± 0.001
Bio-ClinicalBERT,title-text-classification-token,0.715 ± 0.006,0.692 ± 0.006,0.733 ± 0.007,0.267 ± 0.007,0.662 ± 0.007,0.338 ± 0.007,0.774 ± 0.006,0.821 ± 0.004,0.904 ± 0.002,0.815 ± 0.004,0.619 ± 0.007,0.287 ± 0.003,0.083 ± 0.001,0.91 ± 0.003,0.09 ± 0.003,0.937 ± 0.001,0.063 ± 0.001,0.876 ± 0.003,0.879 ± 0.002,0.885 ± 0.002,0.876 ± 0.003,0.807 ± 0.004,0.799 ± 0.004,0.821 ± 0.004
biobert-base-cased-v1.2,title-text-classification-token,0.705 ± 0.003,0.673 ± 0.004,0.732 ± 0.005,0.268 ± 0.005,0.634 ± 0.008,0.366 ± 0.008,0.756 ± 0.005,0.813 ± 0.002,0.898 ± 0.003,0.807 ± 0.002,0.595 ± 0.005,0.307 ± 0.003,0.089 ± 0.001,0.894 ± 0.005,0.106 ± 0.005,0.935 ± 0.001,0.065 ± 0.001,0.863 ± 0.004,0.868 ± 0.003,0.878 ± 0.001,0.863 ± 0.004,0.793 ± 0.003,0.784 ± 0.004,0.813 ± 0.002
bert-base-uncased,title-text-classification-token,0.701 ± 0.003,0.681 ± 0.006,0.717 ± 0.001,0.283 ± 0.001,0.655 ± 0.01,0.345 ± 0.01,0.762 ± 0.006,0.813 ± 0.003,0.904 ± 0.003,0.806 ± 0.002,0.606 ± 0.008,0.288 ± 0.004,0.085 ± 0.001,0.909 ± 0.004,0.091 ± 0.004,0.933 ± 0.001,0.067 ± 0.001,0.873 ± 0.004,0.875 ± 0.003,0.881 ± 0.002,0.873 ± 0.004,0.801 ± 0.004,0.794 ± 0.005,0.813 ± 0.003
bert-base-uncased,vector-weighted-average-3070-classification-token,0.691 ± 0.004,0.66 ± 0.004,0.716 ± 0.006,0.284 ± 0.006,0.619 ± 0.007,0.381 ± 0.007,0.712 ± 0.002,0.805 ± 0.002,0.894 ± 0.002,0.798 ± 0.003,0.579 ± 0.005,0.314 ± 0.004,0.093 ± 0.001,0.894 ± 0.004,0.106 ± 0.004,0.932 ± 0.001,0.068 ± 0.001,0.86 ± 0.003,0.864 ± 0.002,0.873 ± 0.001,0.86 ± 0.003,0.786 ± 0.003,0.776 ± 0.003,0.805 ± 0.002
biobert-base-cased-v1.2,abstract-text-classification-token,0.68 ± 0.005,0.66 ± 0.006,0.696 ± 0.006,0.304 ± 0.006,0.636 ± 0.008,0.364 ± 0.008,0.749 ± 0.004,0.8 ± 0.003,0.893 ± 0.003,0.791 ± 0.003,0.581 ± 0.007,0.303 ± 0.004,0.089 ± 0.001,0.904 ± 0.004,0.096 ± 0.004,0.928 ± 0.001,0.072 ± 0.001,0.865 ± 0.003,0.867 ± 0.003,0.873 ± 0.002,0.865 ± 0.003,0.788 ± 0.004,0.782 ± 0.004,0.8 ± 0.003
bert-base-uncased,vector-weighted-average-2080-classification-token,0.671 ± 0.005,0.621 ± 0.003,0.711 ± 0.008,0.289 ± 0.008,0.559 ± 0.005,0.441 ± 0.005,0.686 ± 0.007,0.787 ± 0.003,0.874 ± 0.002,0.782 ± 0.003,0.528 ± 0.004,0.342 ± 0.003,0.101 ± 0.001,0.863 ± 0.004,0.137 ± 0.004,0.928 ± 0.002,0.072 ± 0.002,0.835 ± 0.002,0.843 ± 0.002,0.859 ± 0.001,0.835 ± 0.002,0.758 ± 0.002,0.744 ± 0.002,0.787 ± 0.003
bert-base-uncased,vector-weighted-average-1090-classification-token,0.664 ± 0.003,0.603 ± 0.003,0.715 ± 0.003,0.285 ± 0.003,0.528 ± 0.004,0.472 ± 0.004,0.643 ± 0.003,0.779 ± 0.002,0.86 ± 0.003,0.775 ± 0.002,0.504 ± 0.004,0.358 ± 0.004,0.108 ± 0.001,0.844 ± 0.004,0.156 ± 0.004,0.927 ± 0.001,0.073 ± 0.001,0.82 ± 0.003,0.83 ± 0.002,0.852 ± 0.001,0.82 ± 0.003,0.743 ± 0.003,0.728 ± 0.002,0.779 ± 0.002
bert-base-uncased,text-concatenation-classification-token,0.658 ± 0.005,0.619 ± 0.005,0.691 ± 0.006,0.309 ± 0.006,0.569 ± 0.008,0.431 ± 0.008,0.684 ± 0.005,0.781 ± 0.003,0.862 ± 0.004,0.774 ± 0.003,0.526 ± 0.007,0.363 ± 0.005,0.1 ± 0.001,0.872 ± 0.005,0.128 ± 0.005,0.924 ± 0.001,0.076 ± 0.001,0.838 ± 0.004,0.844 ± 0.003,0.858 ± 0.002,0.838 ± 0.004,0.757 ± 0.004,0.747 ± 0.004,0.781 ± 0.003
bert-base-uncased,abstract-text-classification-token,0.629 ± 0.005,0.577 ± 0.006,0.673 ± 0.005,0.327 ± 0.005,0.513 ± 0.009,0.487 ± 0.009,0.618 ± 0.007,0.758 ± 0.004,0.839 ± 0.005,0.751 ± 0.004,0.47 ± 0.008,0.371 ± 0.005,0.112 ± 0.002,0.842 ± 0.006,0.158 ± 0.006,0.917 ± 0.001,0.083 ± 0.001,0.81 ± 0.005,0.821 ± 0.004,0.841 ± 0.002,0.81 ± 0.005,0.727 ± 0.005,0.715 ± 0.005,0.758 ± 0.004
